City_ID,City,Country,Date,Lat,Lng,Max Temp,Humidity,Cloudiness,Wind Speed
0,Butaritari,KI,2022-05-02 03:44:43,3.0707,172.7902,81.73,77,70,12.59
1,Bethel,US,2022-05-02 03:44:43,41.3712,-73.414,57.29,53,75,3.44
2,Sotouboua,TG,2022-05-02 03:44:43,8.5667,0.9833,74.19,83,93,3.42
3,Jamestown,US,2022-05-02 03:39:56,42.097,-79.2353,54.72,97,100,8.05
4,Yellowknife,CA,2022-05-02 03:42:01,62.456,-114.3525,41.52,56,0,8.05
5,Qaanaaq,GL,2022-05-02 03:44:44,77.484,-69.3632,5.05,62,37,7.72
6,Dikson,RU,2022-05-02 03:44:44,73.5069,80.5464,17.83,90,100,12.97
7,Abu Kamal,SY,2022-05-02 03:44:45,34.4506,40.9171,67.46,60,0,19.62
8,Yulara,AU,2022-05-02 03:44:45,-25.2406,130.9889,69.64,40,100,8.05
9,Atikokan,CA,2022-05-02 03:44:46,48.7555,-91.6216,36.45,99,100,6.67
10,Wageningen,NL,2022-05-02 03:44:46,51.9667,5.6667,45.95,89,22,1.14
11,Almas,RO,2022-05-02 03:44:47,46.2833,22.2333,47.53,76,33,3.74
12,Mar Del Plata,AR,2022-05-02 03:44:47,-38.0023,-57.5575,50.88,67,100,8.99
13,Los Algarrobos,PA,2022-05-02 03:44:47,8.5,-82.4333,75.61,94,75,4.61
14,Saskylakh,RU,2022-05-02 03:44:48,71.9167,114.0833,20.48,88,33,8.97
15,Hasaki,JP,2022-05-02 03:44:48,35.7333,140.8333,63.0,53,100,7.36
16,Eureka,US,2022-05-02 03:44:38,40.8021,-124.1637,52.93,82,39,1.01
17,Ponta Do Sol,PT,2022-05-02 03:44:49,32.6667,-17.1,64.13,77,0,4.65
18,Bluff,NZ,2022-05-02 03:44:49,-46.6,168.3333,64.8,70,80,9.19
19,Mahebourg,MU,2022-05-02 03:44:50,-20.4081,57.7,76.24,94,20,2.3
20,Ushuaia,AR,2022-05-02 03:44:50,-54.8,-68.3,38.86,81,0,0.0
21,Georgetown,MY,2022-05-02 03:40:41,5.4112,100.3354,87.75,74,20,5.99
22,Leningradskiy,RU,2022-05-02 03:44:50,69.3833,178.4167,18.9,85,37,7.76
23,Upernavik,GL,2022-05-02 03:44:51,72.7868,-56.1549,-3.62,85,8,5.23
24,Rundu,NA,2022-05-02 03:44:51,-17.9333,19.7667,59.81,55,55,4.7
25,Bad Lippspringe,DE,2022-05-02 03:44:52,51.7833,8.8167,47.88,86,100,3.09
26,Rikitea,PF,2022-05-02 03:44:52,-23.1203,-134.9692,76.6,72,100,6.22
27,Punta Arenas,CL,2022-05-02 03:44:53,-53.15,-70.9167,33.91,93,0,6.91
28,Hamilton,US,2022-05-02 03:40:31,39.1834,-84.5333,59.85,70,0,9.22
29,Norman Wells,CA,2022-05-02 03:44:53,65.282,-126.8329,51.84,37,75,12.66
30,Bubaque,GW,2022-05-02 03:44:53,11.2833,-15.8333,77.07,69,76,10.22
31,Atuona,PF,2022-05-02 03:44:54,-9.8,-139.0333,78.33,82,100,15.01
32,New Norfolk,AU,2022-05-02 03:44:54,-42.7826,147.0587,69.66,34,100,8.08
33,Namatanai,PG,2022-05-02 03:44:55,-3.6667,152.4333,85.42,67,15,6.42
34,Luderitz,NA,2022-05-02 03:44:55,-26.6481,15.1594,72.16,28,0,12.28
35,Oranjestad,AW,2022-05-02 03:44:56,12.524,-70.027,80.55,83,20,25.32
36,Moyo,UG,2022-05-02 03:44:56,3.6609,31.7247,63.43,96,100,3.09
37,Pangnirtung,CA,2022-05-02 03:44:56,66.1451,-65.7125,24.89,97,100,3.94
38,Pevek,RU,2022-05-02 03:44:57,69.7008,170.3133,22.33,77,100,6.58
39,Castro,BR,2022-05-02 03:44:57,-24.7911,-50.0119,60.55,91,67,1.41
40,General Roca,AR,2022-05-02 03:44:58,-39.0333,-67.5833,49.62,56,63,8.28
41,Mataura,NZ,2022-05-02 03:44:58,-46.1927,168.8643,64.47,60,33,3.85
42,Pisco,PE,2022-05-02 03:44:58,-13.7,-76.2167,64.45,82,0,9.22
43,Abadiania,BR,2022-05-02 03:44:59,-16.2042,-48.7069,68.92,59,77,2.59
44,Souillac,MU,2022-05-02 03:44:59,-20.5167,57.5167,71.98,94,20,2.3
45,Katsuura,JP,2022-05-02 03:45:00,35.1333,140.3,59.97,55,80,8.77
46,Kulhudhuffushi,MV,2022-05-02 03:45:00,6.6221,73.07,85.84,75,92,17.78
47,Hermanus,ZA,2022-05-02 03:45:01,-34.4187,19.2345,60.8,79,99,9.31
48,Kieta,PG,2022-05-02 03:45:01,-6.2167,155.6333,83.23,76,97,4.32
49,Guerrero Negro,MX,2022-05-02 03:45:02,27.9769,-114.0611,59.81,85,26,14.47
50,Alofi,NU,2022-05-02 03:45:02,-19.0595,-169.9187,82.29,83,100,8.05
51,Narsaq,GL,2022-05-02 03:45:04,60.9167,-46.05,41.22,78,100,3.91
52,Albany,US,2022-05-02 03:40:55,42.6001,-73.9662,55.36,55,100,3.74
53,Araouane,ML,2022-05-02 03:45:05,18.9048,-3.5265,74.05,18,0,11.72
54,Port Alfred,ZA,2022-05-02 03:45:06,-33.5906,26.891,55.18,94,10,1.01
55,Staryy Nadym,RU,2022-05-02 03:45:06,65.6118,72.6842,26.89,85,100,5.77
56,Hithadhoo,MV,2022-05-02 03:45:07,-0.6,73.0833,85.01,75,100,18.34
57,Emerald,AU,2022-05-02 03:44:57,-23.5333,148.1667,78.94,53,75,8.05
58,Quatre Cocos,MU,2022-05-02 03:45:08,-20.2078,57.7625,76.08,82,2,7.38
59,Nangan,PH,2022-05-02 03:45:08,6.4726,126.1244,81.14,78,100,3.8
60,Grindavik,IS,2022-05-02 03:45:08,63.8424,-22.4338,37.87,75,0,11.5
61,Inhambane,MZ,2022-05-02 03:45:09,-23.865,35.3833,68.04,81,36,10.04
62,Whitehorse,CA,2022-05-02 03:44:03,60.7161,-135.0538,45.37,69,75,13.8
63,Taoudenni,ML,2022-05-02 03:45:10,22.6783,-3.9836,75.11,27,10,9.28
64,Barrow,US,2022-05-02 03:45:10,71.2906,-156.7887,19.42,86,100,13.8
65,Casma,CL,2022-05-02 03:45:11,-41.0082,-73.1244,47.8,99,18,1.39
66,Tautira,PF,2022-05-02 03:45:11,-17.7333,-149.15,79.88,72,94,6.02
67,Hobart,AU,2022-05-02 03:45:12,-42.8794,147.3294,71.02,52,75,24.16
68,Otane,NZ,2022-05-02 03:45:12,-39.8833,176.6333,62.01,69,87,2.42
69,Adre,TD,2022-05-02 03:45:13,13.4667,22.2,79.95,11,68,7.56
70,Dunedin,NZ,2022-05-02 03:45:13,-45.8742,170.5036,62.06,65,8,3.09
71,Alfredo Chaves,BR,2022-05-02 03:45:14,-20.635,-40.7497,69.21,80,0,5.44
72,Bredasdorp,ZA,2022-05-02 03:45:14,-34.5322,20.0403,54.84,94,97,5.21
73,Broome,US,2022-05-02 03:45:15,42.2506,-75.833,56.14,75,100,9.22
74,Nikolskoye,RU,2022-05-02 03:45:15,59.7035,30.7861,40.91,84,68,6.11
75,Garowe,SO,2022-05-02 03:45:16,8.4054,48.4845,79.39,65,90,9.84
76,Arraial Do Cabo,BR,2022-05-02 03:45:16,-22.9661,-42.0278,74.61,77,0,7.38
77,Gwadar,PK,2022-05-02 03:44:31,25.1216,62.3254,84.88,62,0,21.47
78,Selma,US,2022-05-02 03:45:17,36.5708,-119.6121,75.25,40,1,3.65
79,La Ronge,CA,2022-05-02 03:45:17,55.1001,-105.2842,32.25,69,40,3.44
80,Cayenne,GF,2022-05-02 03:45:18,4.9333,-52.3333,81.09,1,0,5.01
81,Borovoy,RU,2022-05-02 03:45:19,55.4333,86.0833,49.28,100,40,6.71
82,Airai,TL,2022-05-02 03:45:19,-8.9266,125.4092,77.02,42,91,5.66
83,San Patricio,US,2022-05-02 03:45:19,28.017,-97.5169,79.9,85,91,15.5
84,Cape Town,ZA,2022-05-02 03:45:20,-33.9258,18.4232,62.11,81,0,4.0
85,Codrington,AU,2022-05-02 03:45:20,-38.2667,141.9667,68.52,50,100,11.65
86,Khani,GE,2022-05-02 03:45:21,41.9563,42.9566,42.37,98,100,1.01
87,Ewa Beach,US,2022-05-02 03:45:21,21.3156,-158.0072,80.55,62,20,19.57
88,Colima,MX,2022-05-02 03:42:49,19.1667,-104.0,63.36,62,62,2.66
89,Vila Velha,BR,2022-05-02 03:45:22,-20.3297,-40.2925,78.75,78,0,8.05
90,Anito,PH,2022-05-02 03:45:22,12.4497,125.2886,85.78,64,81,8.19
91,Lazarev,RU,2022-05-02 03:45:23,52.225,141.5131,32.63,95,94,2.06
92,Port Macquarie,AU,2022-05-02 03:40:27,-31.4333,152.9167,71.89,55,35,7.65
93,Te Anau,NZ,2022-05-02 03:45:23,-45.4167,167.7167,58.48,65,29,5.12
94,Tuktoyaktuk,CA,2022-05-02 03:45:24,69.4541,-133.0374,37.4,75,75,12.66
95,Qaqortoq,GL,2022-05-02 03:45:24,60.7167,-46.0333,37.06,88,99,1.66
96,Komsomolskiy,UZ,2022-05-02 03:45:25,40.4272,71.7189,81.32,32,96,0.0
97,Balkhash,KZ,2022-05-02 03:45:25,46.844,74.9804,74.01,35,0,8.95
98,Tuatapere,NZ,2022-05-02 03:45:25,-46.1333,167.6833,61.48,67,31,5.03
99,Havre-Saint-Pierre,CA,2022-05-02 03:45:26,50.2334,-63.5986,35.96,55,20,5.75
100,Kapaa,US,2022-05-02 03:45:26,22.0752,-159.319,82.38,81,75,20.71
101,Goure,NE,2022-05-02 03:45:27,13.9835,10.2704,82.78,15,34,8.77
102,Vaini,TO,2022-05-02 03:45:27,-21.2,-175.2,80.76,89,75,9.22
103,Dunmore East,IE,2022-05-02 03:45:27,52.1514,-6.9861,48.69,81,63,7.43
104,Khatanga,RU,2022-05-02 03:45:28,71.9667,102.5,23.95,84,98,15.03
105,Nhulunbuy,AU,2022-05-02 03:45:28,-12.2333,136.7667,86.61,58,100,12.66
106,Paamiut,GL,2022-05-02 03:45:29,61.994,-49.6678,30.94,91,89,7.74
107,Edgewater,US,2022-05-02 03:41:07,28.9889,-80.9023,73.49,85,6,6.6
108,Busselton,AU,2022-05-02 03:45:29,-33.65,115.3333,66.72,80,87,10.13
109,Hokitika,NZ,2022-05-02 03:45:30,-42.7167,170.9667,60.93,90,99,4.9
110,Hailun,CN,2022-05-02 03:45:30,47.45,126.9333,57.16,31,74,13.91
111,Carnarvon,AU,2022-05-02 03:43:53,-24.8667,113.6333,87.87,27,1,11.5
112,Alvorada,BR,2022-05-02 03:45:31,-12.48,-49.1247,72.52,67,36,1.5
113,Puerto Ayora,EC,2022-05-02 03:44:49,-0.7393,-90.3518,71.92,91,10,5.61
114,Demidov,RU,2022-05-02 03:45:31,55.2706,31.515,42.67,68,100,4.25
115,Avarua,CK,2022-05-02 03:45:32,-21.2078,-159.775,80.65,78,20,4.61
116,Wilmington,US,2022-05-02 03:43:19,34.2257,-77.9447,71.51,73,0,10.36
117,Salalah,OM,2022-05-02 03:45:32,17.0151,54.0924,84.29,84,40,3.44
118,Bangolo,CI,2022-05-02 03:45:32,7.0069,-7.475,71.92,95,84,1.59
119,Port Hardy,CA,2022-05-02 03:45:03,50.6996,-127.4199,50.18,81,100,2.3
120,Tabou,CI,2022-05-02 03:45:33,4.423,-7.3528,80.08,83,62,4.72
121,Jinka,ET,2022-05-02 03:45:33,5.65,36.65,61.34,93,94,2.75
122,Ahipara,NZ,2022-05-02 03:45:34,-35.1667,173.1667,67.1,64,100,4.88
123,Bereda,ES,2022-05-02 03:45:34,43.2686,-7.5406,52.41,100,99,2.68
124,Miri,MY,2022-05-02 03:45:35,4.4148,114.0089,89.74,79,40,4.61
125,Hilo,US,2022-05-02 03:45:35,19.7297,-155.09,76.28,97,100,3.44
126,Ugoofaaru,MV,2022-05-02 03:45:36,5.6667,73.0,86.04,71,75,16.91
127,Tiksi,RU,2022-05-02 03:45:36,71.6872,128.8694,17.67,79,30,9.86
128,Chokurdakh,RU,2022-05-02 03:45:36,70.6333,147.9167,30.72,93,43,12.5
129,Indianola,US,2022-05-02 03:45:37,41.3581,-93.5574,49.86,72,99,9.48
130,Quzhou,CN,2022-05-02 03:45:37,28.9594,118.8686,69.94,54,91,1.05
131,Srednekolymsk,RU,2022-05-02 03:45:38,67.45,153.6833,33.21,100,100,3.2
132,Aksu,CN,2022-05-02 03:45:38,41.1231,80.2644,70.14,16,5,5.59
133,Shache,CN,2022-05-02 03:45:38,38.4167,77.2406,74.19,12,6,9.17
134,Korla,CN,2022-05-02 03:45:39,41.7597,86.1469,70.66,17,22,15.64
135,Fortuna,US,2022-05-02 03:42:08,40.5982,-124.1573,52.66,83,29,2.19
136,Port Elizabeth,ZA,2022-05-02 03:45:40,-33.918,25.5701,56.32,82,0,2.3
137,Banjar,ID,2022-05-02 03:45:40,-8.19,114.9675,89.51,60,94,4.25
138,Gamboula,CF,2022-05-02 03:45:40,4.1178,15.1393,67.33,82,68,0.6
139,Albertville,US,2022-05-02 03:45:41,34.2676,-86.2089,66.45,83,0,0.0
140,Teguldet,RU,2022-05-02 03:45:41,57.3064,88.1667,42.8,91,100,7.45
141,Westport,US,2022-05-02 03:45:42,41.1415,-73.3579,57.6,72,40,1.01
142,Aksarka,RU,2022-05-02 03:45:42,66.5606,67.7975,21.24,82,26,6.98
143,Grushevskaya,RU,2022-05-02 03:45:43,47.4406,39.9511,47.28,57,0,8.95
144,Talnakh,RU,2022-05-02 03:45:43,69.4865,88.3972,22.21,85,100,11.36
145,Mount Isa,AU,2022-05-02 03:45:44,-20.7333,139.5,85.77,39,23,6.91
146,Puerto El Triunfo,SV,2022-05-02 03:45:44,13.2833,-88.55,85.12,80,86,2.75
147,Salinopolis,BR,2022-05-02 03:45:44,-0.6136,-47.3561,77.34,89,99,5.91
148,Saint-Philippe,RE,2022-05-02 03:45:45,-21.3585,55.7679,74.79,78,0,3.69
149,Chinsali,ZM,2022-05-02 03:45:45,-10.5414,32.0816,55.85,86,52,6.91
150,Lebu,CL,2022-05-02 03:45:46,-37.6167,-73.65,50.81,92,2,13.15
151,Sao Jose Da Coroa Grande,BR,2022-05-02 03:45:46,-8.8978,-35.1478,76.68,86,39,5.3
152,Aklavik,CA,2022-05-02 03:45:46,68.2191,-135.0107,35.49,93,100,11.9
153,Amazar,RU,2022-05-02 03:45:47,53.858,120.875,56.52,50,91,11.27
154,Myitkyina,MM,2022-05-02 03:45:47,25.3833,97.4,87.37,45,46,3.94
155,Kalagarh,IN,2022-05-02 03:45:48,29.5,78.75,94.3,25,73,13.96
156,Bayir,TR,2022-05-02 03:45:48,37.2687,28.2167,54.12,66,100,1.77
157,Pitimbu,BR,2022-05-02 03:45:49,-7.4706,-34.8086,75.79,84,40,7.23
158,Xinzhi,CN,2022-05-02 03:45:49,36.4989,111.7047,74.71,16,24,0.56
159,Olesnica,PL,2022-05-02 03:45:49,51.2134,17.3899,50.56,74,37,2.42
160,Ambikapur,IN,2022-05-02 03:45:50,23.1167,83.2,98.62,16,61,10.42
161,Dingle,PH,2022-05-02 03:45:50,10.9995,122.6711,89.24,53,46,9.33
162,Jinchang,CN,2022-05-02 03:45:51,38.4953,102.1739,60.62,12,0,2.84
163,Dzhebariki-Khaya,RU,2022-05-02 03:45:51,62.2167,135.8,46.42,60,26,9.84
164,Phalombe,MW,2022-05-02 03:45:52,-15.8064,35.6507,56.43,96,15,2.93
165,Kichmengskiy Gorodok,RU,2022-05-02 03:45:52,59.9816,45.7854,34.5,70,65,3.58
166,Cap Malheureux,MU,2022-05-02 03:45:53,-19.9842,57.6142,76.46,76,4,1.99
167,Huautla,MX,2022-05-02 03:45:53,21.0333,-98.2833,73.33,89,99,4.76
168,Yar-Sale,RU,2022-05-02 03:45:54,66.8333,70.8333,18.43,79,14,5.53
169,Severo-Kurilsk,RU,2022-05-02 03:45:54,50.6789,156.125,36.41,86,89,7.34
170,Lyngseidet,NO,2022-05-02 03:45:54,69.5763,20.2189,33.8,89,99,4.92
171,Saint George,US,2022-05-02 03:43:25,37.1041,-113.5841,66.79,27,0,20.71
172,Morro Bay,US,2022-05-02 03:45:55,35.3658,-120.8499,65.93,77,5,1.99
173,Hay River,CA,2022-05-02 03:45:55,60.8156,-115.7999,40.96,65,20,3.44
174,Alvaraes,BR,2022-05-02 03:45:56,-3.2208,-64.8042,73.08,99,100,2.55
175,Bairiki,KI,2022-05-02 03:45:56,1.3292,172.9752,86.0,74,40,8.05
176,Isiolo,KE,2022-05-02 03:45:57,0.3546,37.5822,67.6,76,100,2.55
177,Samarai,PG,2022-05-02 03:45:57,-10.6167,150.6667,83.03,75,38,9.57
178,Esmeraldas,BR,2022-05-02 03:45:57,-19.7625,-44.3139,62.91,61,0,2.51
179,Panguna,PG,2022-05-02 03:45:58,-6.3164,155.4848,76.55,83,97,1.81
180,Ribeira Grande,PT,2022-05-02 03:45:58,38.5167,-28.7,61.88,84,21,1.39
181,Saldanha,ZA,2022-05-02 03:45:59,-33.0117,17.9442,55.45,55,97,6.58
182,Samana,DO,2022-05-02 03:45:59,19.2056,-69.3369,73.33,86,100,6.38
183,Nakhon Phanom,TH,2022-05-02 03:45:31,17.3333,104.4167,67.8,49,99,11.34
184,Nisia Floresta,BR,2022-05-02 03:46:00,-6.0911,-35.2086,77.38,93,33,6.22
185,Sibolga,ID,2022-05-02 03:46:00,1.7427,98.7792,78.89,85,99,2.84
186,Ulaangom,MN,2022-05-02 03:46:00,49.9811,92.0667,68.32,13,93,5.37
187,Silopi,TR,2022-05-02 03:46:01,37.2497,42.4694,62.64,69,93,2.98
188,Batemans Bay,AU,2022-05-02 03:46:01,-35.7167,150.1833,66.09,50,3,7.09
189,Chuy,UY,2022-05-02 03:46:02,-33.6971,-53.4616,53.64,77,50,6.55
190,Iqaluit,CA,2022-05-02 03:46:02,63.7506,-68.5145,22.73,73,75,3.44
191,Arman,RU,2022-05-02 03:46:03,59.7,150.1667,44.02,84,64,4.92
192,Geraldton,AU,2022-05-02 03:46:03,-28.7667,114.6,75.61,38,0,8.05
193,Cidreira,BR,2022-05-02 03:46:04,-30.1811,-50.2056,62.92,76,100,7.45
194,Chardara,KZ,2022-05-02 03:46:05,41.2547,67.9692,73.92,43,100,4.65
195,Poum,NC,2022-05-02 03:46:05,-20.2333,164.0167,79.0,77,28,6.53
196,Qandala,SO,2022-05-02 03:46:06,11.472,49.8728,85.86,69,2,1.68
197,Sokolo,ML,2022-05-02 03:46:06,14.7328,-6.1219,87.31,20,36,4.63
198,Lata,PT,2022-05-02 03:46:07,40.1629,-8.3327,48.97,94,69,3.09
199,Sao Joao Da Barra,BR,2022-05-02 03:46:07,-21.6403,-41.0511,73.53,83,2,9.57
200,Neiafu,TO,2022-05-02 03:46:08,-18.65,-173.9833,84.88,84,75,6.91
201,Kaitangata,NZ,2022-05-02 03:46:08,-46.2817,169.8464,61.59,61,43,3.15
202,Ketchikan,US,2022-05-02 03:42:43,55.3422,-131.6461,45.07,93,100,11.5
203,Singaraja,ID,2022-05-02 03:46:09,-8.112,115.0882,87.58,63,87,3.8
204,Vardo,NO,2022-05-02 03:46:09,70.3705,31.1107,28.87,80,100,14.61
205,Caravelas,BR,2022-05-02 03:46:10,-17.7125,-39.2481,72.54,87,1,3.56
206,Beringovskiy,RU,2022-05-02 03:46:10,63.05,179.3167,21.47,78,25,11.99
207,Pyatnitskoye,RU,2022-05-02 03:46:11,50.4233,37.8273,44.17,58,39,2.89
208,Ilulissat,GL,2022-05-02 03:44:15,69.2167,-51.1,17.62,67,75,3.44
209,Zabaykalsk,RU,2022-05-02 03:46:11,49.6333,117.3167,68.52,27,99,18.28
210,Bhaderwah,IN,2022-05-02 03:46:12,32.9784,75.7186,77.95,29,0,2.33
211,Puerto Escondido,MX,2022-05-02 03:46:12,15.85,-97.0667,82.47,70,91,6.17
212,Myslowice,PL,2022-05-02 03:46:13,50.2075,19.1667,52.43,78,81,3.4
213,Honningsvag,NO,2022-05-02 03:46:13,70.9821,25.9704,28.15,74,100,16.11
214,Maniitsoq,GL,2022-05-02 03:46:14,65.4167,-52.9,24.6,81,94,4.97
215,Daru,PG,2022-05-02 03:46:14,-9.0763,143.2092,82.22,84,62,11.81
216,Torbay,CA,2022-05-02 03:46:15,47.6666,-52.7314,40.57,93,75,3.44
217,Molango,MX,2022-05-02 03:46:15,20.7833,-98.7167,59.85,97,100,1.95
218,Atherton,GB,2022-05-02 03:42:12,53.5237,-2.4935,52.29,92,100,0.2
219,Tambopata,PE,2022-05-02 03:46:16,-12.7333,-69.1833,76.75,74,76,1.54
220,Bengkulu,ID,2022-05-02 03:46:17,-3.8004,102.2655,85.1,63,100,4.74
221,Port Keats,AU,2022-05-02 03:46:17,-14.25,129.55,93.27,35,38,8.3
222,Vao,NC,2022-05-02 03:46:17,-22.6667,167.4833,75.34,87,39,20.49
223,San Cristobal,VE,2022-05-02 03:46:18,7.7669,-72.225,75.38,96,90,3.2
224,Nanortalik,GL,2022-05-02 03:46:18,60.1432,-45.2371,36.19,86,100,0.85
225,North Reading,US,2022-05-02 03:46:19,42.5751,-71.0787,54.97,63,0,5.75
226,Bahir Dar,ET,2022-05-02 03:46:19,11.5936,37.3908,71.82,45,58,4.34
227,Bayangol,RU,2022-05-02 03:46:20,50.6977,103.4656,69.98,14,78,5.75
228,Andenes,NO,2022-05-02 03:46:21,69.3143,16.1194,33.78,93,75,6.91
229,Sorland,NO,2022-05-02 03:46:21,67.667,12.6934,35.67,73,100,10.67
230,Nabire,ID,2022-05-02 03:46:21,-3.3667,135.4833,86.14,66,47,4.9
231,Yatou,CN,2022-05-02 03:46:22,37.15,122.3833,60.17,28,0,11.88
232,Hit,IQ,2022-05-02 03:46:22,33.6416,42.8251,71.83,55,0,18.03
233,Rawlins,US,2022-05-02 03:46:23,41.7911,-107.2387,46.35,53,100,9.22
234,Haines Junction,CA,2022-05-02 03:46:23,60.7522,-137.5108,46.35,53,98,4.61
235,Susanville,US,2022-05-02 03:46:24,40.4163,-120.653,49.91,45,0,3.0
236,Craigieburn,AU,2022-05-02 03:46:24,-37.6,144.95,70.74,56,40,11.5
237,East London,ZA,2022-05-02 03:46:25,-33.0153,27.9116,56.34,82,20,8.05
238,Dabhol,IN,2022-05-02 03:46:25,17.6,73.1667,86.47,60,3,5.55
239,Tocache,PE,2022-05-02 03:46:26,-8.1842,-76.5125,69.26,98,31,0.63
240,Port-Cartier,CA,2022-05-02 03:46:26,50.0334,-66.8654,43.02,91,3,5.86
241,Okha,RU,2022-05-02 03:46:27,53.5739,142.9478,34.25,93,99,8.19
242,Keti Bandar,PK,2022-05-02 03:46:27,24.1447,67.4497,86.29,60,0,20.69
243,Miramar,US,2022-05-02 03:46:28,25.9873,-80.2323,78.03,75,0,13.8
244,Deputatskiy,RU,2022-05-02 03:46:28,69.3,139.9,29.89,94,99,2.62
245,Zhuji,CN,2022-05-02 03:46:28,29.7188,120.2423,73.47,45,82,1.74
246,Tevaitoa,PF,2022-05-02 03:46:29,-16.7833,-151.5,81.18,73,97,9.53
247,Lazaro Cardenas,MX,2022-05-02 03:46:29,17.9583,-102.2,75.4,71,39,3.2
248,Beaupre,CA,2022-05-02 03:46:30,47.0443,-70.8953,47.86,85,8,6.91
249,Murgab,TM,2022-05-02 03:46:30,37.4966,61.9714,64.27,77,100,11.5
250,Asau,RO,2022-05-02 03:46:31,46.4333,26.4,45.95,87,99,1.12
251,Lamu,KE,2022-05-02 03:46:31,-2.2717,40.902,82.62,83,100,14.43
252,Shelburne,CA,2022-05-02 03:46:31,44.0787,-80.2041,47.59,94,100,4.56
253,Baghmara,IN,2022-05-02 03:46:32,23.795,86.2085,90.72,46,54,6.08
254,Saint-Augustin,CA,2022-05-02 03:46:32,51.226,-58.6502,32.7,84,100,19.22
255,Atar,MR,2022-05-02 03:46:33,20.5169,-13.0499,79.32,15,0,10.42
256,Gat,IL,2022-05-02 03:46:33,31.61,34.7642,63.28,82,70,3.04
257,Truro,GB,2022-05-02 03:46:33,50.2653,-5.0544,49.28,100,100,3.44
258,Walvis Bay,NA,2022-05-02 03:46:34,-22.9575,14.5053,52.75,100,0,8.05
259,Nandurbar,IN,2022-05-02 03:46:34,21.3667,74.25,90.88,44,0,17.56
260,Cockburn Town,TC,2022-05-02 03:46:31,21.4612,-71.1419,77.41,81,94,22.46
261,Bathsheba,BB,2022-05-02 03:46:35,13.2167,-59.5167,79.41,89,75,14.97
262,Hofn,IS,2022-05-02 03:46:35,64.2539,-15.2082,31.82,79,100,8.39
263,Svetlogorsk,BY,2022-05-02 03:46:36,52.6333,29.7333,46.89,92,100,5.59
264,Saint Anthony,US,2022-05-02 03:46:36,45.0205,-93.218,43.25,86,100,13.8
265,Griffith,US,2022-05-02 03:46:36,41.5284,-87.4237,51.15,76,100,6.91
266,Grobina,LV,2022-05-02 03:46:37,56.5352,21.1678,28.18,100,100,0.0
267,Bang Saphan,TH,2022-05-02 03:46:37,11.2126,99.5117,89.31,60,98,3.09
268,Tigre,AR,2022-05-02 03:46:38,-34.426,-58.5796,55.35,69,0,5.75
269,Kandrian,PG,2022-05-02 03:46:38,-6.2167,149.55,84.27,74,20,6.04
270,Kaseda,JP,2022-05-02 03:46:39,31.4167,130.3167,63.45,46,100,11.45
271,Ornskoldsvik,SE,2022-05-02 03:46:39,63.2909,18.7153,41.95,75,100,9.22
272,Edd,ER,2022-05-02 03:46:39,13.9297,41.6925,89.15,48,87,7.47
273,Colac,AU,2022-05-02 03:46:40,-38.3333,143.5833,66.16,59,100,9.82
274,Karratha,AU,2022-05-02 03:46:40,-20.7377,116.8463,90.07,36,53,15.82
275,Lethem,GY,2022-05-02 03:46:41,3.3803,-59.7968,77.4,72,22,8.37
276,College,US,2022-05-02 03:42:56,64.8569,-147.8028,53.55,36,75,6.91
277,Asfi,MA,2022-05-02 03:46:41,32.2994,-9.2372,60.26,89,1,12.8
278,Kralendijk,BQ,2022-05-02 03:46:42,12.15,-68.2667,80.58,83,20,19.57
279,Victoria,HK,2022-05-02 03:45:03,22.2855,114.1577,68.05,84,100,4.0
280,Avera,US,2022-05-02 03:46:42,33.194,-82.5271,71.11,86,38,5.12
281,Bonthe,SL,2022-05-02 03:46:43,7.5264,-12.505,80.06,85,55,4.05
282,Lev Tolstoy,RU,2022-05-02 03:46:43,53.2134,39.446,41.97,61,98,7.74
283,Troitsko-Pechorsk,RU,2022-05-02 03:46:44,62.7084,56.1964,32.47,79,100,8.75
284,Turukhansk,RU,2022-05-02 03:46:44,65.8167,87.9833,31.24,98,64,10.42
285,Kruisfontein,ZA,2022-05-02 03:46:44,-34.0033,24.7314,51.66,85,1,4.92
286,Tasiilaq,GL,2022-05-02 03:46:45,65.6145,-37.6368,18.25,64,87,4.25
287,Bosaso,SO,2022-05-02 03:42:48,11.2842,49.1816,87.51,61,2,8.61
288,Holland,US,2022-05-02 03:46:45,42.7875,-86.1089,49.41,69,100,13.8
289,Los Llanos De Aridane,ES,2022-05-02 03:46:46,28.6585,-17.9182,66.13,40,0,13.8
290,Acapulco,MX,2022-05-02 03:43:20,16.8634,-99.8901,78.62,73,75,4.61
291,Port Blair,IN,2022-05-02 03:46:46,11.6667,92.75,87.84,74,75,5.75
292,Saint-Francois,FR,2022-05-02 03:46:47,46.4154,3.9054,37.67,100,100,2.3
293,Tezu,IN,2022-05-02 03:46:47,27.9167,96.1667,80.11,63,98,2.19
294,Matagami,CA,2022-05-02 03:46:48,49.7502,-77.6328,44.71,45,0,5.75
295,Yarmouth,US,2022-05-02 03:46:48,41.7057,-70.2286,49.96,87,0,5.75
296,Manicore,BR,2022-05-02 03:46:48,-5.8092,-61.3003,72.3,99,54,1.77
297,Nelson Bay,AU,2022-05-02 03:46:49,-32.7167,152.15,75.09,63,9,8.28
298,Krasnoselkup,RU,2022-05-02 03:46:49,65.7,82.4667,29.82,90,77,6.85
299,Sabang,ID,2022-05-02 03:46:50,5.8933,95.3214,84.24,73,95,16.26
300,Mercedes,AR,2022-05-02 03:46:50,-34.6515,-59.4307,48.78,86,22,7.83
301,Yuzhnyy,RU,2022-05-02 03:46:51,53.2542,83.6936,70.18,46,75,20.13
302,Kuldur,RU,2022-05-02 03:46:51,49.2167,131.6333,49.8,52,100,6.51
303,Zharkent,KZ,2022-05-02 03:46:51,44.1628,80.0,77.74,19,100,11.01
304,Duekoue,CI,2022-05-02 03:46:52,6.7472,-7.3496,72.79,97,95,1.86
305,Kahului,US,2022-05-02 03:46:52,20.8947,-156.47,77.02,80,75,20.71
306,Dauphin,CA,2022-05-02 03:46:53,51.1494,-100.0502,37.54,81,100,10.36
307,Dukat,RU,2022-05-02 03:46:53,62.55,155.55,31.12,95,34,5.37
308,Alberton,CA,2022-05-02 03:46:53,46.8168,-64.0654,37.53,94,100,13.67
309,Adrar,MR,2022-05-02 03:46:54,20.5022,-10.0711,73.96,18,0,10.78
310,Duluth,US,2022-05-02 03:42:22,46.7833,-92.1066,42.35,89,100,13.8
311,Okhotsk,RU,2022-05-02 03:46:54,59.3833,143.3,35.94,77,37,9.75
312,Honiara,SB,2022-05-02 03:46:55,-9.4333,159.95,84.31,73,90,6.22
313,Thompson,CA,2022-05-02 03:46:55,55.7435,-97.8558,23.16,86,75,12.66
314,Lorengau,PG,2022-05-02 03:46:56,-2.0226,147.2712,83.82,74,99,3.29
315,Tekari,IN,2022-05-02 03:46:56,24.9333,84.8333,86.22,32,10,12.39
316,Sola,VU,2022-05-02 03:46:56,-13.8833,167.55,81.27,83,100,0.0
317,Uyuni,BO,2022-05-02 03:46:57,-20.4597,-66.825,44.73,24,0,9.78
318,Vilyuysk,RU,2022-05-02 03:46:57,63.7553,121.6247,28.09,62,100,17.11
319,Abha,SA,2022-05-02 03:46:58,18.2164,42.5053,60.62,67,0,0.0
320,Juneau,US,2022-05-02 03:45:38,58.3019,-134.4197,48.22,95,100,3.96
321,Kichera,RU,2022-05-02 03:46:58,55.9375,110.0997,42.17,73,100,6.42
322,Antalaha,MG,2022-05-02 03:46:59,-14.9003,50.2788,75.69,85,19,5.66
323,Scottsbluff,US,2022-05-02 03:46:59,41.8666,-103.6672,53.83,46,20,18.41
324,Luganville,VU,2022-05-02 03:46:59,-15.5333,167.1667,83.95,69,100,2.82
325,Nago,JP,2022-05-02 03:47:00,26.5881,127.9761,67.05,78,100,8.21
326,Akyab,MM,2022-05-02 03:47:00,20.15,92.9,87.67,61,18,8.14
327,Trairi,BR,2022-05-02 03:47:01,-3.2778,-39.2689,75.9,93,99,6.6
328,Kailua,US,2022-05-02 03:47:01,21.4022,-157.7394,80.58,81,100,12.66
329,Sao Filipe,CV,2022-05-02 03:47:02,14.8961,-24.4956,72.45,76,0,9.42
330,Angoche,MZ,2022-05-02 03:47:02,-16.2325,39.9086,75.4,73,100,12.33
331,Cabo San Lucas,MX,2022-05-02 03:42:51,22.8909,-109.9124,79.9,61,12,8.01
332,Lavrentiya,RU,2022-05-02 03:47:03,65.5833,-171.0,16.2,83,9,10.22
333,Mount Gambier,AU,2022-05-02 03:47:03,-37.8333,140.7667,64.31,77,75,12.66
334,Waipawa,NZ,2022-05-02 03:47:04,-41.4122,175.5153,61.7,71,85,12.35
335,Ilave,PE,2022-05-02 03:47:04,-16.0833,-69.6667,40.73,78,60,1.54
336,Ibra,OM,2022-05-02 03:47:05,22.6906,58.5334,85.51,28,0,1.83
337,Gweru,ZW,2022-05-02 03:47:06,-19.45,29.8167,51.69,93,37,13.0
338,Emirdag,TR,2022-05-02 03:47:06,39.0197,31.15,46.94,87,93,3.24
339,Oranjemund,NA,2022-05-02 03:47:06,-28.55,16.4333,67.51,22,0,13.91
340,Vostok,RU,2022-05-02 03:47:07,46.4856,135.8833,44.58,56,97,8.88
341,Preobrazheniye,RU,2022-05-02 03:47:07,42.9019,133.9064,47.53,68,93,3.31
342,Pyatigorsk,RU,2022-05-02 03:47:08,44.0486,43.0594,47.32,76,100,2.24
343,Lisburn,GB,2022-05-02 03:47:08,54.5234,-6.0353,49.01,93,100,3.44
344,Netolice,CZ,2022-05-02 03:47:09,49.0493,14.197,48.87,94,95,1.14
345,Palu,ID,2022-05-02 03:47:09,-0.8917,119.8707,87.28,74,76,2.84
346,Shingu,JP,2022-05-02 03:47:10,33.7333,135.9833,66.76,33,100,6.51
347,Sainte-Suzanne,RE,2022-05-02 03:47:10,-20.9061,55.6089,76.46,82,0,3.44
348,Labuan,MY,2022-05-02 03:47:11,5.2767,115.2417,88.16,74,20,2.3
349,Verkhnevilyuysk,RU,2022-05-02 03:47:11,63.4453,120.3167,29.82,50,100,14.61
350,Ust-Tsilma,RU,2022-05-02 03:47:12,65.441,52.1498,27.28,76,100,7.67
351,Kholtoson,RU,2022-05-02 03:47:12,50.2981,103.3097,70.23,16,40,7.9
352,Oshnaviyeh,IR,2022-05-02 03:47:13,37.0397,45.0983,52.75,84,100,1.36
353,Richards Bay,ZA,2022-05-02 03:47:13,-28.783,32.0377,60.22,82,5,6.51
354,Zyryanka,RU,2022-05-02 03:47:14,65.75,150.85,33.85,98,80,7.63
355,Olinda,BR,2022-05-02 03:47:14,-8.0089,-34.8553,76.73,94,75,4.61
356,Nemuro,JP,2022-05-02 03:47:15,43.3236,145.575,42.42,95,99,14.58
357,Port Shepstone,ZA,2022-05-02 03:47:15,-30.7414,30.455,61.57,75,0,6.58
358,Murten,CH,2022-05-02 03:47:16,46.9283,7.1172,44.51,91,17,1.14
359,Brainerd,US,2022-05-02 03:44:59,46.358,-94.2008,41.02,87,100,8.05
360,Fort-De-France,MQ,2022-05-02 03:43:52,14.6089,-61.0733,78.75,83,40,10.36
361,Tambun,ID,2022-05-02 03:47:16,-6.2641,107.0712,91.89,58,100,4.45
362,Praya,CV,2022-05-02 03:47:17,14.9215,-23.5087,70.34,78,20,14.97
363,Harper,LR,2022-05-02 03:47:17,4.375,-7.7169,79.92,83,53,5.1
364,Bambanglipuro,ID,2022-05-02 03:47:18,-7.95,110.2833,88.23,64,95,6.67
365,Erzin,TR,2022-05-02 03:47:18,36.9559,36.2,62.85,87,72,1.59
366,Oxford,GB,2022-05-02 03:47:19,51.7522,-1.256,49.75,94,75,3.44
367,Beyneu,KZ,2022-05-02 03:47:19,45.3167,55.2,62.87,43,0,17.18
368,Sisophon,KH,2022-05-02 03:47:19,13.5859,102.9737,74.8,82,100,12.46
369,Kamwenge,UG,2022-05-02 03:47:20,0.1866,30.4539,60.19,98,100,0.94
370,Sosua,DO,2022-05-02 03:47:21,19.7667,-70.5167,74.23,94,75,0.0
371,Ust-Nera,RU,2022-05-02 03:47:21,64.5667,143.2,36.55,90,67,2.93
372,Bayanday,RU,2022-05-02 03:47:22,53.0661,105.5139,67.71,37,100,2.68
373,Guaratinga,BR,2022-05-02 03:47:22,-16.5667,-39.5667,66.88,96,0,1.54
374,Goderich,CA,2022-05-02 03:45:58,43.7501,-81.7165,50.32,93,100,6.91
375,Rafai,CF,2022-05-02 03:47:23,4.95,23.9167,67.28,99,100,2.62
376,Grojec,PL,2022-05-02 03:47:23,51.8625,20.8676,49.42,79,79,4.05
377,Primero De Enero,CU,2022-05-02 03:47:24,21.9469,-78.4283,74.8,76,0,10.18
378,Togul,RU,2022-05-02 03:47:24,53.465,85.9128,62.06,52,100,10.07
379,Koungou,YT,2022-05-02 03:47:24,-12.7336,45.2042,82.11,74,75,20.71
380,Maues,BR,2022-05-02 03:47:25,-3.3836,-57.7186,73.96,97,100,1.77
381,Almaznyy,RU,2022-05-02 03:47:25,48.0448,40.045,44.49,56,100,7.38
382,Mehamn,NO,2022-05-02 03:47:26,71.0357,27.8492,26.96,89,99,20.2
383,Port Lincoln,AU,2022-05-02 03:45:04,-34.7333,135.8667,67.41,57,0,8.9
384,Manadhoo,MV,2022-05-02 03:47:26,5.7667,73.3833,86.07,72,81,17.78
385,Malavalli,IN,2022-05-02 03:47:27,12.3833,77.0833,78.66,45,97,6.53
386,Baherden,TM,2022-05-02 03:47:27,38.4362,57.4316,63.34,88,100,2.59
387,Clyde River,CA,2022-05-02 03:47:27,70.4692,-68.5914,8.83,85,100,16.11
388,Cradock,ZA,2022-05-02 03:47:28,-32.1642,25.6192,51.57,60,0,2.71
389,Khandbari,NP,2022-05-02 03:47:28,27.3747,87.2039,75.61,57,82,3.38
390,Vestmannaeyjar,IS,2022-05-02 03:47:29,63.4427,-20.2734,45.36,80,100,16.22
391,Poronaysk,RU,2022-05-02 03:47:29,49.2167,143.1167,33.82,100,100,11.36
392,Floro,NO,2022-05-02 03:47:30,61.5996,5.0328,43.23,87,100,21.85
393,Kloulklubed,PW,2022-05-02 03:47:30,7.0419,134.2556,82.9,79,99,12.24
394,Cherskiy,RU,2022-05-02 03:47:30,68.75,161.3,31.19,89,56,7.14
395,Anadyr,RU,2022-05-02 03:47:31,64.75,177.4833,25.3,73,0,11.18
396,Nata,PA,2022-05-02 03:47:31,8.3333,-80.5167,77.65,89,100,6.78
397,Puerto Madero,MX,2022-05-02 03:47:32,14.7208,-92.4215,83.03,72,91,4.63
398,Esperance,AU,2022-05-02 03:47:32,-33.8667,121.9,71.44,55,49,11.21
399,Buala,SB,2022-05-02 03:47:33,-8.145,159.5921,84.38,70,76,4.38
400,Lima,PE,2022-05-02 03:44:50,-12.0432,-77.0282,66.9,76,0,8.05
401,Agirish,RU,2022-05-02 03:47:33,61.9247,63.0231,32.68,70,23,8.97
402,Necochea,AR,2022-05-02 03:47:34,-38.5473,-58.7368,50.86,61,100,6.69
403,Ancud,CL,2022-05-02 03:47:06,-41.8697,-73.8203,48.0,93,5,4.61
404,Bambous Virieux,MU,2022-05-02 03:47:34,-20.3428,57.7575,76.21,94,20,2.3
405,Katherine,AU,2022-05-02 03:47:35,-14.4667,132.2667,91.72,29,40,14.97
406,Zvishavane,ZW,2022-05-02 03:47:35,-20.3267,30.0665,53.19,97,53,4.83
407,Conceicao Do Araguaia,BR,2022-05-02 03:47:35,-8.2578,-49.2647,77.56,66,72,0.67
408,Tumpat,MY,2022-05-02 03:47:36,6.1978,102.171,86.02,70,20,4.61
409,Aitape,PG,2022-05-02 03:47:36,-3.1374,142.3475,83.84,74,73,4.52
410,Zeya,RU,2022-05-02 03:47:37,53.75,127.2667,51.66,25,100,6.38
411,Masumbwe,TZ,2022-05-02 03:47:37,-3.6333,32.1833,62.01,96,97,2.75
412,Potsdam,DE,2022-05-02 03:47:37,52.3989,13.0657,51.12,85,100,3.96
413,Itoman,JP,2022-05-02 03:47:38,26.1247,127.6694,68.02,88,75,9.22
414,Kavieng,PG,2022-05-02 03:47:38,-2.5744,150.7967,83.62,76,41,8.61
415,Lasa,IT,2022-05-02 03:47:39,46.6166,10.7002,47.28,89,41,3.53
416,Xingyi,CN,2022-05-02 03:47:39,24.1877,102.817,49.84,71,99,5.28
417,Tokur,RU,2022-05-02 03:47:39,53.1333,132.9,40.6,55,100,1.5
418,Bhigvan,IN,2022-05-02 03:47:40,18.3167,74.7667,89.73,30,0,14.94
419,Hovd,MN,2022-05-02 03:47:40,48.0056,91.6419,68.25,7,40,5.7
420,Kodiak,US,2022-05-02 03:47:41,57.79,-152.4072,45.91,66,75,6.91
421,Sylacauga,US,2022-05-02 03:47:04,33.1732,-86.2516,66.56,94,100,0.0
422,Dicabisagan,PH,2022-05-02 03:47:41,17.0818,122.4157,86.65,64,78,8.08
423,Ishigaki,JP,2022-05-02 03:47:42,24.3448,124.1572,68.13,88,75,14.97
424,Syracuse,IT,2022-05-02 03:47:42,37.0881,15.2792,51.39,80,4,5.28
425,Billings,US,2022-05-02 03:47:42,45.7833,-108.5007,45.28,90,100,10.36
426,Sakaiminato,JP,2022-05-02 03:47:43,35.55,133.2333,64.38,45,40,14.97
427,Clonakilty,IE,2022-05-02 03:47:43,51.6231,-8.8706,49.21,90,68,5.68
428,Yenangyaung,MM,2022-05-02 03:47:44,20.4667,94.8833,96.13,35,49,4.97
429,Mindelo,CV,2022-05-02 03:47:44,16.8901,-24.9804,69.35,78,20,20.71
430,Platanos,GR,2022-05-02 03:47:44,37.6667,21.6167,63.09,85,97,5.61
431,Alamogordo,US,2022-05-02 03:46:56,32.8995,-105.9603,72.57,11,0,10.36
432,Luau,AO,2022-05-02 03:47:45,-10.7073,22.2247,58.33,68,97,4.05
433,Tari,NG,2022-05-02 03:47:45,12.4086,4.4914,83.46,38,55,6.04
434,Do Gonbadan,IR,2022-05-02 03:47:46,30.3586,50.7981,66.29,63,0,0.0
435,Kutum,SD,2022-05-02 03:47:46,14.2,24.6667,73.96,12,39,4.43
436,Fort Nelson,CA,2022-05-02 03:47:47,58.8053,-122.7002,51.39,43,40,11.5
437,Shenjiamen,CN,2022-05-02 03:47:47,29.9576,122.298,61.74,72,77,7.7
438,Tual,ID,2022-05-02 03:47:48,-5.6667,132.75,82.89,76,41,14.34
439,Paracuru,BR,2022-05-02 03:47:48,-3.41,-39.0306,76.1,87,98,8.97
440,Cartagena Del Chaira,CO,2022-05-02 03:47:48,1.3349,-74.8429,71.06,94,97,1.86
441,Chipinge,ZW,2022-05-02 03:47:49,-20.1883,32.6236,55.74,96,88,3.67
442,Bilma,NE,2022-05-02 03:47:49,18.6853,12.9164,86.4,11,5,9.86
443,Pingliang,CN,2022-05-02 03:47:50,35.5392,106.6861,63.55,15,0,8.75
444,Filadelfia,US,2022-05-02 03:45:07,39.9523,-75.1638,56.55,69,100,1.01
445,Hambantota,LK,2022-05-02 03:47:50,6.1241,81.1185,86.34,84,20,9.22
446,Taltal,CL,2022-05-02 03:47:51,-25.4,-70.4833,59.88,82,28,0.45
447,Benito Juarez,MX,2022-05-02 03:47:51,19.385,-99.165,73.0,41,98,8.01
448,Shimoda,JP,2022-05-02 03:47:52,34.6667,138.95,63.1,73,99,6.55
449,Rio Grande,BR,2022-05-02 03:47:52,-32.035,-52.0986,48.94,72,41,10.63
450,Bogashevo,RU,2022-05-02 03:47:52,56.3683,85.1447,49.84,62,0,6.71
451,Wagar,SD,2022-05-02 03:47:53,16.1525,36.2032,83.52,46,7,9.24
452,Baykit,RU,2022-05-02 03:47:53,61.67,96.37,36.21,57,100,11.63
453,Mahibadhoo,MV,2022-05-02 03:47:54,3.7833,72.9667,85.24,74,98,18.72
454,Hirara,JP,2022-05-02 03:47:54,24.8,125.2833,69.66,94,75,21.85
455,Merritt,CA,2022-05-02 03:47:55,50.1123,-120.7942,46.35,82,100,3.15
456,Hirson,FR,2022-05-02 03:47:55,49.9226,4.0826,47.41,84,100,6.6
457,Srivardhan,IN,2022-05-02 03:47:55,18.0333,73.0167,86.7,63,6,3.58
458,Oistins,BB,2022-05-02 03:44:46,13.0667,-59.5333,78.89,89,75,14.97
459,Port Hedland,AU,2022-05-02 03:47:34,-20.3167,118.5667,87.85,45,96,9.22
460,Ngunguru,NZ,2022-05-02 03:47:56,-35.6167,174.5,65.39,70,99,7.45
461,Bilibino,RU,2022-05-02 03:47:56,68.0546,166.4372,27.73,70,61,3.02
462,Mzimba,MW,2022-05-02 03:47:57,-11.9,33.6,57.9,88,30,11.12
463,Bhabua,IN,2022-05-02 03:47:57,25.05,83.6167,99.19,25,50,9.69
464,Axim,GH,2022-05-02 03:47:58,4.8699,-2.2405,79.68,85,100,6.67
465,Dusti,TJ,2022-05-02 03:47:58,37.3481,68.664,85.03,29,66,4.38
466,Mizan Teferi,ET,2022-05-02 03:47:59,6.9833,35.5833,61.47,95,100,2.77
467,Russell,US,2022-05-02 03:47:59,32.3502,-85.1999,71.2,93,0,0.0
468,Mpanda,TZ,2022-05-02 03:47:59,-6.3655,31.0409,62.8,99,100,0.87
469,Port Pirie,AU,2022-05-02 03:48:00,-33.1833,138.0167,69.89,44,0,6.02
470,Bonavista,CA,2022-05-02 03:48:00,48.6499,-53.1147,36.97,96,100,3.18
471,Katsuyama,JP,2022-05-02 03:48:01,36.0617,136.501,57.56,41,17,9.69
472,Mount Pleasant,US,2022-05-02 03:48:01,32.7941,-79.8626,72.0,86,100,4.61
473,Bon Accord,CA,2022-05-02 03:48:02,53.8335,-113.4187,48.78,95,100,5.37
474,Hagersville,CA,2022-05-02 03:47:48,42.9668,-80.0497,50.13,99,92,8.5
475,Pipri,IN,2022-05-02 03:48:03,19.8,75.5333,86.58,45,0,4.61
476,Kapustin Yar,RU,2022-05-02 03:48:03,48.5831,45.7372,47.68,46,96,12.86
477,Rodrigues Alves,BR,2022-05-02 03:48:03,-7.738,-72.6509,75.4,81,91,2.08
478,Lamar,US,2022-05-02 03:48:04,33.6668,-95.5836,69.71,56,0,9.22
479,Port Moresby,PG,2022-05-02 03:47:12,-9.4431,147.1797,85.42,66,40,5.75
480,Kiama,AU,2022-05-02 03:48:05,-34.6833,150.8667,76.37,64,0,7.0
481,Petropavlovka,RU,2022-05-02 03:48:05,50.6114,105.3196,72.27,20,100,6.24
482,Chivacoa,VE,2022-05-02 03:48:06,10.1603,-68.895,72.82,86,57,1.23
483,Birjand,IR,2022-05-02 03:48:06,32.8663,59.2211,57.67,67,0,6.91
484,Constitucion,CL,2022-05-02 03:45:56,-35.3333,-72.4167,52.11,73,2,6.51
485,Vra,DK,2022-05-02 03:48:07,57.3476,9.9515,44.31,87,71,11.95
486,Huarmey,PE,2022-05-02 03:48:08,-10.0681,-78.1522,66.27,84,92,5.44
487,Faanui,PF,2022-05-02 03:48:08,-16.4833,-151.75,81.18,73,88,9.64
488,Tonj,SS,2022-05-02 03:48:09,7.2737,28.6822,76.75,68,88,6.02
489,Charters Towers,AU,2022-05-02 03:48:09,-20.1,146.2667,82.69,46,1,9.1
490,Broken Hill,AU,2022-05-02 03:47:29,-31.95,141.4333,64.11,48,0,6.91
491,Makueni,KE,2022-05-02 03:48:10,-1.8041,37.6203,63.0,93,68,1.97
492,Veraval,IN,2022-05-02 03:48:10,20.9,70.3667,86.67,70,0,10.02
493,Jumla,NP,2022-05-02 03:45:42,29.2747,82.1838,65.57,48,87,6.02
494,Najran,SA,2022-05-02 03:48:11,17.4924,44.1277,68.65,26,49,1.21
495,Lingao,CN,2022-05-02 03:48:11,19.9103,109.6859,66.24,85,100,13.78
496,Plettenberg Bay,ZA,2022-05-02 03:48:12,-34.0527,23.3716,58.15,76,7,5.44
497,Kamenka,RU,2022-05-02 03:48:12,51.3223,42.7678,43.16,52,2,4.0
498,Deer Lake,CA,2022-05-02 03:48:13,49.1667,-57.4316,35.46,93,100,2.3
499,Aguimes,ES,2022-05-02 03:48:13,27.9054,-15.4461,65.03,45,20,19.57
500,Bandarbeyla,SO,2022-05-02 03:48:14,9.4942,50.8122,85.44,69,25,10.92
501,Groningen,NL,2022-05-02 03:48:14,53.25,6.75,39.16,91,5,1.14
502,Trinidad,BO,2022-05-02 03:48:14,-14.8333,-64.9,73.92,77,61,4.12
503,Lagoa,PT,2022-05-02 03:48:15,39.05,-27.9833,60.24,83,24,2.82
504,Abnub,EG,2022-05-02 03:48:16,27.2696,31.1511,75.51,24,41,7.74
505,Candolim,IN,2022-05-02 03:48:16,15.5181,73.7626,86.0,74,40,5.75
506,Mandalgovi,MN,2022-05-02 03:48:17,45.7625,106.2708,67.15,12,58,9.82
507,San Policarpo,PH,2022-05-02 03:48:17,12.1791,125.5072,83.73,74,88,9.19
508,Buritis,BR,2022-05-02 03:48:18,-15.6178,-46.4233,73.24,46,91,1.81
509,Ha Noi,VN,2022-05-02 03:48:18,21.0245,105.8412,77.0,43,99,11.21
510,Madimba,TZ,2022-05-02 03:48:19,-10.4,40.3333,74.52,83,40,20.71
511,Jilib,SO,2022-05-02 03:44:21,0.4883,42.7854,75.99,93,99,3.47
512,Lufilufi,WS,2022-05-02 03:48:20,-13.8745,-171.5986,87.58,74,100,6.35
513,Mayumba,GA,2022-05-02 03:48:20,-3.432,10.6554,77.43,90,80,3.94
514,Pimentel,PE,2022-05-02 03:48:21,-6.8367,-79.9342,65.68,87,97,12.15
515,Bulgan,MN,2022-05-02 03:48:21,48.8125,103.5347,70.05,13,23,6.62
516,Kollo,NE,2022-05-02 03:48:22,13.3043,2.339,85.42,16,48,6.15
517,Primorsk,UA,2022-05-02 03:48:22,46.7348,36.3443,50.22,66,6,11.25
518,Nanakuli,US,2022-05-02 03:48:22,21.3906,-158.1547,80.55,59,20,14.97
519,Hayden,US,2022-05-02 03:47:24,47.766,-116.7866,54.16,74,0,6.91
520,Algeciras,ES,2022-05-02 03:44:25,36.1333,-5.4505,62.28,77,1,10.36
521,Takhtamygda,RU,2022-05-02 03:48:23,54.1,123.5667,37.78,95,100,3.09
522,Chernyshevskiy,RU,2022-05-02 03:48:23,63.0128,112.4714,28.9,62,5,8.14
523,Flin Flon,CA,2022-05-02 03:45:51,54.7682,-101.865,29.97,92,100,6.44
524,Bagdarin,RU,2022-05-02 03:48:24,54.4333,113.6,54.99,34,84,11.12
525,Faya,SA,2022-05-02 03:48:24,18.3851,42.4509,60.91,44,98,2.98
526,New Richmond,US,2022-05-02 03:48:25,45.123,-92.5366,43.61,87,100,10.36
527,Scarborough,GB,2022-05-02 03:47:35,54.2797,-0.4044,51.66,89,100,3.2
528,Jerome,US,2022-05-02 03:48:25,42.7241,-114.5186,52.63,72,20,9.22
529,Arcos,BR,2022-05-02 03:48:26,-20.2819,-45.5394,62.56,71,0,1.97
530,Aiquile,BO,2022-05-02 03:48:26,-18.2041,-65.1807,52.92,93,45,2.06
531,Karaton,ID,2022-05-02 03:48:27,-6.3424,106.1045,88.56,59,97,2.08
532,Aswan,EG,2022-05-02 03:48:27,24.0934,32.907,79.14,19,3,9.44
533,Sambava,MG,2022-05-02 03:48:27,-14.2667,50.1667,77.36,85,49,8.39
534,Eunice,US,2022-05-02 03:48:28,30.4944,-92.4176,70.95,90,88,6.67
535,Pangkalanbuun,ID,2022-05-02 03:48:28,-2.6833,111.6167,91.62,58,73,3.44
536,Saint-Louis,SN,2022-05-02 03:48:29,16.3333,-15.0,76.64,29,4,12.03
537,Trussville,US,2022-05-02 03:44:51,33.6198,-86.6089,69.06,95,74,2.84
538,Porto Velho,BR,2022-05-02 03:48:29,-8.7619,-63.9039,77.05,94,0,2.3
539,Victor Harbor,AU,2022-05-02 03:48:30,-35.5667,138.6167,70.0,59,11,3.0
540,Tenenkou,ML,2022-05-02 03:48:30,14.4572,-4.9169,86.86,23,32,6.13
541,Nouadhibou,MR,2022-05-02 03:48:31,20.931,-17.0347,64.38,88,1,17.27
542,Portland,US,2022-05-02 03:45:03,45.5234,-122.6762,61.39,70,100,2.24
543,Rio Gallegos,AR,2022-05-02 03:48:31,-51.6226,-69.2181,33.85,100,0,8.05
544,Fukue,JP,2022-05-02 03:48:31,32.6881,128.8419,70.16,43,40,6.91
545,Tumen,CN,2022-05-02 03:48:32,42.9661,129.8425,59.04,27,72,7.9
546,Verkhniye Tatyshly,RU,2022-05-02 03:48:32,56.2912,55.8575,40.3,52,70,13.4
547,Comodoro Rivadavia,AR,2022-05-02 03:48:33,-45.8667,-67.5,46.26,87,0,9.22
548,Sarangani,PH,2022-05-02 03:48:33,5.4033,125.4636,82.38,73,100,1.48
549,Chara,RU,2022-05-02 03:48:33,56.9064,118.2631,39.09,36,50,14.97
550,Leh,IN,2022-05-02 03:48:34,34.1667,77.5833,49.26,28,0,0.74
551,Bongandanga,CD,2022-05-02 03:48:34,1.5,21.05,68.65,98,97,3.13
552,Kenora,CA,2022-05-02 03:48:35,49.8167,-94.4337,36.57,93,100,11.5
553,Byron Bay,AU,2022-05-02 03:48:35,-28.65,153.6167,75.09,57,10,12.64
554,Atambua,ID,2022-05-02 03:48:36,-9.1061,124.8925,86.58,49,95,3.38
555,Nara,JP,2022-05-02 03:44:31,34.6851,135.8049,67.5,24,53,11.99
556,Mutsu,JP,2022-05-02 03:48:36,41.2894,141.2169,51.94,54,28,18.88
557,Liwale,TZ,2022-05-02 03:48:37,-9.7667,37.9333,65.07,94,27,8.12
558,Isangel,VU,2022-05-02 03:48:37,-19.55,169.2667,80.71,83,100,4.61
559,Panama City,PA,2022-05-02 03:43:59,8.9936,-79.5197,80.55,87,40,4.61
560,Naduvattam,IN,2022-05-02 03:48:37,11.4833,76.5667,70.21,56,100,2.8
561,Le Port,RE,2022-05-02 03:48:38,-20.9373,55.2919,76.24,66,0,3.2
562,Pacifica,US,2022-05-02 03:44:17,37.6138,-122.4869,60.39,80,20,25.32
563,Morehead,US,2022-05-02 03:48:38,37.2711,-87.1764,59.99,78,0,0.0
564,Areia Branca,BR,2022-05-02 03:48:39,-4.9561,-37.1369,76.77,85,61,13.38
565,Pacific Grove,US,2022-05-02 03:48:39,36.6177,-121.9166,55.87,82,0,8.01
