City_ID,City,Country,Lat,Lng,Max Temp,Humidity,Cloudiness,Wind Speed,Current Description,Date
0,Cuamba,MZ,-14.8031,36.5372,63.41,86,5,4.21,clear sky,2022-05-02 04:37:25
1,Albany,US,42.6001,-73.9662,57.61,51,100,4.59,overcast clouds,2022-05-02 04:37:26
2,Mataura,NZ,-46.1927,168.8643,63.48,68,44,2.21,scattered clouds,2022-05-02 04:37:26
3,Bredasdorp,ZA,-34.5322,20.0403,54.57,93,98,5.03,overcast clouds,2022-05-02 04:37:26
4,Cape Town,ZA,-33.9258,18.4232,62.11,83,0,1.14,clear sky,2022-05-02 04:36:13
5,Ushuaia,AR,-54.8,-68.3,38.86,70,0,9.22,clear sky,2022-05-02 04:37:27
6,Dikson,RU,73.5069,80.5464,18.5,89,100,14.34,light snow,2022-05-02 04:37:27
7,Cherskiy,RU,68.75,161.3,31.3,87,57,5.57,broken clouds,2022-05-02 04:37:28
8,Barrow,US,71.2906,-156.7887,19.42,86,100,14.97,overcast clouds,2022-05-02 04:37:28
9,Ketchikan,US,55.3422,-131.6461,45.07,87,100,11.5,light rain,2022-05-02 04:37:29
10,Hasaki,JP,35.7333,140.8333,63.0,51,97,6.04,overcast clouds,2022-05-02 04:37:29
11,Rikitea,PF,-23.1203,-134.9692,76.62,73,99,6.33,overcast clouds,2022-05-02 04:37:30
12,Talaya,RU,61.3833,152.75,34.43,100,30,2.62,scattered clouds,2022-05-02 04:37:30
13,Thompson,CA,55.7435,-97.8558,23.16,80,75,11.5,broken clouds,2022-05-02 04:35:28
14,Mayumba,GA,-3.432,10.6554,77.23,91,84,4.59,broken clouds,2022-05-02 04:37:30
15,Hermanus,ZA,-34.4187,19.2345,59.81,77,96,9.8,overcast clouds,2022-05-02 04:37:31
16,Puerto Ayora,EC,-0.7393,-90.3518,71.76,91,13,4.94,few clouds,2022-05-02 04:37:31
17,Kulhudhuffushi,MV,6.6221,73.07,85.66,75,90,17.4,overcast clouds,2022-05-02 04:37:32
18,Avarua,CK,-21.2078,-159.775,80.65,78,75,2.3,broken clouds,2022-05-02 04:37:32
19,Tuktoyaktuk,CA,69.4541,-133.0374,37.4,75,75,12.66,broken clouds,2022-05-02 04:37:33
20,Atuona,PF,-9.8,-139.0333,78.49,81,100,15.37,light rain,2022-05-02 04:35:58
21,Hobart,AU,-42.8794,147.3294,71.02,51,75,20.71,broken clouds,2022-05-02 04:35:33
22,Srednekolymsk,RU,67.45,153.6833,31.96,100,100,3.11,overcast clouds,2022-05-02 04:37:33
23,Provideniya,RU,64.3833,-173.3,25.97,52,13,12.17,few clouds,2022-05-02 04:35:25
24,Buala,SB,-8.145,159.5921,84.18,71,68,4.61,broken clouds,2022-05-02 04:37:34
25,North Branch,US,45.5113,-92.9802,43.09,94,100,8.01,overcast clouds,2022-05-02 04:36:48
26,Vila Franca Do Campo,PT,37.7167,-25.4333,64.2,88,42,3.56,scattered clouds,2022-05-02 04:37:34
27,Quirinopolis,BR,-18.4483,-50.4517,65.55,51,3,2.04,clear sky,2022-05-02 04:37:35
28,Yar-Sale,RU,66.8333,70.8333,20.68,76,13,5.57,few clouds,2022-05-02 04:33:17
29,Punta Arenas,CL,-53.15,-70.9167,35.71,87,0,11.5,clear sky,2022-05-02 04:37:35
30,Atikokan,CA,48.7555,-91.6216,36.46,99,100,7.11,overcast clouds,2022-05-02 04:37:36
31,Busselton,AU,-33.65,115.3333,67.3,78,88,12.46,overcast clouds,2022-05-02 04:35:39
32,Great Falls,US,47.5002,-111.3008,48.6,75,100,6.91,overcast clouds,2022-05-02 04:37:36
33,San Cristobal,VE,7.7669,-72.225,75.38,96,89,3.2,overcast clouds,2022-05-02 04:37:37
34,Hambantota,LK,6.1241,81.1185,88.14,79,20,10.36,few clouds,2022-05-02 04:37:37
35,Necochea,AR,-38.5473,-58.7368,51.1,57,100,6.02,overcast clouds,2022-05-02 04:37:37
36,Blackwater,AU,-23.5833,148.8833,80.85,45,95,10.8,overcast clouds,2022-05-02 04:37:38
37,Vardo,NO,70.3705,31.1107,29.23,86,100,17.43,light snow,2022-05-02 04:35:22
38,Nelson Bay,AU,-32.7167,152.15,75.09,63,12,9.15,few clouds,2022-05-02 04:37:38
39,Margate,GB,51.3813,1.3862,51.31,78,100,1.01,overcast clouds,2022-05-02 04:37:39
40,Ponta Do Sol,PT,32.6667,-17.1,66.0,76,0,4.29,clear sky,2022-05-02 04:37:39
41,Manokwari,ID,-0.8667,134.0833,82.78,74,84,3.27,broken clouds,2022-05-02 04:37:40
42,Nikolskoye,RU,59.7035,30.7861,44.87,67,69,7.78,broken clouds,2022-05-02 04:37:40
43,Jamestown,US,42.097,-79.2353,53.24,95,20,8.05,mist,2022-05-02 04:36:54
44,Abu Kamal,SY,34.4506,40.9171,70.09,55,0,19.22,clear sky,2022-05-02 04:37:40
45,Sungai Besar,MY,3.6746,100.9867,85.57,71,100,5.68,overcast clouds,2022-05-02 04:37:41
46,Samarai,PG,-10.6167,150.6667,82.92,75,50,9.91,scattered clouds,2022-05-02 04:37:41
47,Honiara,SB,-9.4333,159.95,82.71,78,92,5.35,overcast clouds,2022-05-02 04:37:42
48,Arraial Do Cabo,BR,-22.9661,-42.0278,74.66,75,0,7.09,clear sky,2022-05-02 04:37:42
49,Torbay,CA,47.6666,-52.7314,41.77,93,75,4.61,broken clouds,2022-05-02 04:35:49
50,Leningradskiy,RU,69.3833,178.4167,17.53,88,33,7.31,scattered clouds,2022-05-02 04:36:45
51,Nanakuli,US,21.3906,-158.1547,78.75,64,20,9.22,few clouds,2022-05-02 04:37:43
52,Bhadrachalam,IN,17.6667,80.8833,99.72,33,67,9.15,broken clouds,2022-05-02 04:37:43
53,Kassala,SD,15.451,36.4,88.7,36,8,10.56,clear sky,2022-05-02 04:37:44
54,Leshukonskoye,RU,64.8989,45.7622,31.35,71,18,6.67,few clouds,2022-05-02 04:37:44
55,Port Alfred,ZA,-33.5906,26.891,59.85,78,10,5.61,clear sky,2022-05-02 04:37:44
56,Saint-Philippe,RE,-21.3585,55.7679,80.22,77,0,5.23,clear sky,2022-05-02 04:37:45
57,Filadelfia,US,39.9523,-75.1638,56.16,67,75,4.61,broken clouds,2022-05-02 04:34:37
58,Upernavik,GL,72.7868,-56.1549,-4.2,84,8,4.68,clear sky,2022-05-02 04:37:45
59,Salalah,OM,17.0151,54.0924,86.09,79,40,2.3,scattered clouds,2022-05-02 04:37:46
60,Dunedin,NZ,-45.8742,170.5036,62.8,60,23,4.0,few clouds,2022-05-02 04:37:46
61,Vermilion,US,40.1667,-87.7506,52.14,74,100,4.61,overcast clouds,2022-05-02 04:37:47
62,Hithadhoo,MV,-0.6,73.0833,85.08,75,100,18.59,overcast clouds,2022-05-02 04:37:47
63,Kurchum,KZ,48.5722,83.6542,71.58,20,100,11.07,light rain,2022-05-02 04:37:48
64,Severodvinsk,RU,64.5635,39.8302,35.71,84,100,7.23,overcast clouds,2022-05-02 04:37:48
65,Half Moon Bay,US,37.4636,-122.4286,58.1,78,75,13.8,mist,2022-05-02 04:37:48
66,Carnarvon,AU,-24.8667,113.6333,82.47,47,1,11.5,clear sky,2022-05-02 04:37:49
67,Hede,CN,33.7681,120.2517,76.71,28,1,9.69,clear sky,2022-05-02 04:37:49
68,Turkmenabat,TM,39.0733,63.5786,73.38,53,0,0.0,clear sky,2022-05-02 04:37:50
69,Kaitangata,NZ,-46.2817,169.8464,58.82,68,53,2.71,broken clouds,2022-05-02 04:37:50
70,Chokurdakh,RU,70.6333,147.9167,28.31,93,44,10.38,scattered clouds,2022-05-02 04:37:51
71,North Bend,US,43.4065,-124.2243,51.85,93,100,4.61,overcast clouds,2022-05-02 04:37:51
72,Sibolga,ID,1.7427,98.7792,79.07,85,99,3.13,overcast clouds,2022-05-02 04:37:51
73,Misratah,LY,32.3754,15.0925,63.45,78,2,24.76,clear sky,2022-05-02 04:37:52
74,Karasjok,NO,69.4719,25.5112,30.69,96,100,9.8,light snow,2022-05-02 04:37:52
75,Karpathos,GR,35.507,27.2132,62.56,88,40,16.11,scattered clouds,2022-05-02 04:37:53
76,Bagotville,AU,-28.9833,153.4167,75.22,71,49,9.53,scattered clouds,2022-05-02 04:37:53
77,Taoudenni,ML,22.6783,-3.9836,74.46,27,8,9.6,clear sky,2022-05-02 04:37:54
78,Adre,TD,13.4667,22.2,81.32,11,70,6.64,broken clouds,2022-05-02 04:37:54
79,Darnah,LY,32.767,22.6367,71.24,43,1,19.46,clear sky,2022-05-02 04:37:54
80,Kapaa,US,22.0752,-159.319,80.58,84,75,19.57,broken clouds,2022-05-02 04:37:55
81,Tateyama,JP,34.9833,139.8667,59.27,64,87,11.12,overcast clouds,2022-05-02 04:37:55
82,Zhigansk,RU,66.7697,123.3711,24.04,72,100,22.08,overcast clouds,2022-05-02 04:37:56
83,Soe,ID,-9.8607,124.284,82.47,45,97,10.51,overcast clouds,2022-05-02 04:37:56
84,Talnakh,RU,69.4865,88.3972,22.21,83,100,12.82,overcast clouds,2022-05-02 04:33:15
85,Hilo,US,19.7297,-155.09,75.27,97,100,6.91,heavy intensity rain,2022-05-02 04:37:10
86,Haimen,CN,23.1935,116.6142,64.29,90,100,12.48,light rain,2022-05-02 04:37:57
87,Verkhoyansk,RU,67.5447,133.385,34.83,90,99,7.31,light snow,2022-05-02 04:37:57
88,Mazyr,BY,52.0495,29.2456,50.0,83,100,8.5,overcast clouds,2022-05-02 04:37:58
89,Kabinda,CD,-6.1333,24.4833,65.53,95,83,3.44,broken clouds,2022-05-02 04:37:58
90,Acarau,BR,-2.8856,-40.12,78.28,85,86,11.68,overcast clouds,2022-05-02 04:37:58
91,Banda Aceh,ID,5.5577,95.3222,87.12,66,89,12.12,overcast clouds,2022-05-02 04:37:59
92,Hirara,JP,24.8,125.2833,68.27,88,75,23.02,light intensity shower rain,2022-05-02 04:37:59
93,Brae,GB,60.3964,-1.353,44.38,76,100,18.72,overcast clouds,2022-05-02 04:38:00
94,Port Elizabeth,ZA,-33.918,25.5701,54.32,88,0,4.61,clear sky,2022-05-02 04:38:00
95,Vaini,TO,-21.2,-175.2,77.16,94,75,9.22,broken clouds,2022-05-02 04:36:52
96,Esperance,AU,-33.8667,121.9,73.24,59,59,12.19,broken clouds,2022-05-02 04:38:00
97,Georgetown,MY,5.4112,100.3354,89.55,67,40,5.75,scattered clouds,2022-05-02 04:36:30
98,Bandarbeyla,SO,9.4942,50.8122,88.0,61,22,10.4,few clouds,2022-05-02 04:38:01
99,Skibbereen,IE,51.55,-9.2667,51.12,91,26,3.6,scattered clouds,2022-05-02 04:38:01
100,Vredendal,ZA,-31.6683,18.5012,65.75,27,0,9.22,clear sky,2022-05-02 04:38:02
101,Hamilton,US,39.1834,-84.5333,57.83,74,0,6.91,clear sky,2022-05-02 04:38:02
102,Tulsipur,NP,28.131,82.2973,90.19,33,32,8.05,scattered clouds,2022-05-02 04:38:03
103,Bluff,NZ,-46.6,168.3333,63.81,73,84,8.59,broken clouds,2022-05-02 04:38:03
104,Castro,BR,-24.7911,-50.0119,59.9,91,62,1.83,broken clouds,2022-05-02 04:38:03
105,Butaritari,KI,3.0707,172.7902,81.93,76,59,12.01,light rain,2022-05-02 04:35:29
106,Williams Lake,CA,52.1415,-122.1445,54.97,37,75,5.75,broken clouds,2022-05-02 04:38:04
107,Indiana,US,40.0003,-86.2503,55.11,73,100,8.05,overcast clouds,2022-05-02 04:37:55
108,Ginda,IN,30.6945,78.4932,80.71,24,6,6.91,clear sky,2022-05-02 04:38:04
109,Pevek,RU,69.7008,170.3133,21.58,81,100,5.75,overcast clouds,2022-05-02 04:38:05
110,Tasiilaq,GL,65.6145,-37.6368,17.74,66,89,4.27,overcast clouds,2022-05-02 04:35:17
111,Shingu,JP,33.7333,135.9833,67.44,34,100,7.34,overcast clouds,2022-05-02 04:38:06
112,Nambucca Heads,AU,-30.65,153.0,73.4,57,43,8.08,scattered clouds,2022-05-02 04:38:06
113,Fraga,ES,41.5229,0.3489,58.03,74,65,4.76,broken clouds,2022-05-02 04:38:06
114,Saratovskaya,RU,44.7103,39.2244,48.02,96,100,12.62,overcast clouds,2022-05-02 04:38:07
115,Kavieng,PG,-2.5744,150.7967,84.06,74,49,7.54,light rain,2022-05-02 04:38:07
116,Pangody,RU,65.85,74.4859,26.56,87,100,5.64,overcast clouds,2022-05-02 04:38:08
117,Centralia,US,46.7162,-122.9543,55.45,80,20,0.0,few clouds,2022-05-02 04:38:08
118,Xiangxiang,CN,27.7333,112.5333,71.2,48,100,5.44,overcast clouds,2022-05-02 04:38:09
119,Atar,MR,20.5169,-13.0499,78.58,16,1,10.25,clear sky,2022-05-02 04:38:09
120,Sao Joao Da Barra,BR,-21.6403,-41.0511,72.97,82,2,8.7,clear sky,2022-05-02 04:33:39
121,Ancud,CL,-41.8697,-73.8203,47.66,93,4,4.76,clear sky,2022-05-02 04:38:09
122,Bethel,US,41.3712,-73.414,56.35,62,100,1.01,overcast clouds,2022-05-02 04:38:10
123,Fort Nelson,CA,58.8053,-122.7002,49.59,46,40,10.36,scattered clouds,2022-05-02 04:38:10
124,Fairbanks,US,64.8378,-147.7164,52.61,39,0,6.91,clear sky,2022-05-02 04:38:11
125,Kenai,US,60.5544,-151.2583,47.03,55,100,11.5,overcast clouds,2022-05-02 04:38:11
126,Korinos,GR,40.315,22.5853,59.38,98,100,5.21,overcast clouds,2022-05-02 04:38:12
127,Northam,GB,51.0333,-4.2167,49.6,96,100,2.04,overcast clouds,2022-05-02 04:38:12
128,Mount Gambier,AU,-37.8333,140.7667,66.11,72,100,14.97,overcast clouds,2022-05-02 04:38:12
129,Yellowknife,CA,62.456,-114.3525,39.72,56,0,9.22,clear sky,2022-05-02 04:38:13
130,Outjo,NA,-20.1167,16.15,60.91,52,28,7.78,scattered clouds,2022-05-02 04:38:13
131,Khipro,PK,25.8285,69.3772,99.3,15,21,27.56,few clouds,2022-05-02 04:38:14
132,Yumen,CN,40.2833,97.2,67.5,6,54,1.66,broken clouds,2022-05-02 04:38:14
133,Denia,ES,38.8408,0.1057,61.81,89,42,3.0,scattered clouds,2022-05-02 04:38:15
134,Tonantins,BR,-2.8731,-67.8022,73.04,98,89,2.06,overcast clouds,2022-05-02 04:38:15
135,Kaset Sombun,TH,16.2805,101.9542,79.61,56,97,8.63,overcast clouds,2022-05-02 04:38:16
136,Pointe Michel,DM,15.25,-61.3833,79.52,78,100,12.24,overcast clouds,2022-05-02 04:38:16
137,Saldanha,ZA,-33.0117,17.9442,51.85,53,81,5.55,broken clouds,2022-05-02 04:38:16
138,Souillac,MU,-20.5167,57.5167,75.58,88,20,2.3,few clouds,2022-05-02 04:38:17
139,Batagay-Alyta,RU,67.8006,130.4114,18.39,92,100,12.3,light snow,2022-05-02 04:38:17
140,Khatanga,RU,71.9667,102.5,24.75,82,98,15.14,overcast clouds,2022-05-02 04:38:18
141,Dali,CN,25.7,100.1833,48.69,86,100,5.01,overcast clouds,2022-05-02 04:36:54
142,Kruisfontein,ZA,-34.0033,24.7314,51.28,85,4,4.47,clear sky,2022-05-02 04:38:18
143,Carutapera,BR,-1.195,-46.02,75.15,94,100,3.6,overcast clouds,2022-05-02 04:38:19
144,Sarangani,PH,5.4033,125.4636,82.6,73,99,1.07,overcast clouds,2022-05-02 04:38:19
145,Qaanaaq,GL,77.484,-69.3632,5.13,62,47,8.08,scattered clouds,2022-05-02 04:38:20
146,San Patricio,US,28.017,-97.5169,79.9,87,93,14.54,overcast clouds,2022-05-02 04:38:20
147,Sola,VU,-13.8833,167.55,78.73,81,100,10.02,overcast clouds,2022-05-02 04:38:20
148,Verkhnevilyuysk,RU,63.4453,120.3167,31.37,51,100,14.12,overcast clouds,2022-05-02 04:38:21
149,Andenes,NO,69.3143,16.1194,33.78,93,75,0.0,broken clouds,2022-05-02 04:38:21
150,Mwaya,TZ,-9.55,33.95,72.46,83,98,5.19,light rain,2022-05-02 04:38:22
151,Oktyabrskiy,RU,54.4815,53.471,45.19,43,6,9.53,clear sky,2022-05-02 04:38:22
152,Mar Del Plata,AR,-38.0023,-57.5575,50.88,69,100,10.0,overcast clouds,2022-05-02 04:38:23
153,Handan,CN,36.6006,114.4678,84.36,14,8,3.4,clear sky,2022-05-02 04:38:23
154,Clyde River,CA,70.4692,-68.5914,8.83,85,100,13.8,light snow,2022-05-02 04:38:24
155,Guarapari,BR,-20.6667,-40.4975,75.88,79,0,10.02,clear sky,2022-05-02 04:38:24
156,Comodoro Rivadavia,AR,-45.8667,-67.5,46.26,87,0,6.91,clear sky,2022-05-02 04:38:24
157,Tupik,RU,54.4253,119.9327,39.02,93,95,8.59,light rain,2022-05-02 04:38:25
158,Hudson Bay,CA,52.85,-102.3842,33.42,88,100,5.99,overcast clouds,2022-05-02 04:38:25
159,New Norfolk,AU,-42.7826,147.0587,70.66,56,100,8.99,overcast clouds,2022-05-02 04:35:37
160,Labuhan,ID,-6.8844,112.2051,86.76,71,93,8.7,overcast clouds,2022-05-02 04:38:26
161,Bata,GQ,1.8639,9.7658,78.66,100,40,6.91,thunderstorm,2022-05-02 04:38:26
162,Lebu,CL,-37.6167,-73.65,50.49,93,3,12.91,clear sky,2022-05-02 04:38:27
163,Bundibugyo,UG,0.7414,30.0417,67.51,95,100,1.52,overcast clouds,2022-05-02 04:38:27
164,Mahebourg,MU,-20.4081,57.7,80.26,88,20,2.3,few clouds,2022-05-02 04:38:28
165,Chuy,UY,-33.6971,-53.4616,54.82,72,60,6.35,broken clouds,2022-05-02 04:38:28
166,Coquimbo,CL,-29.9533,-71.3436,53.33,100,20,3.44,few clouds,2022-05-02 04:37:54
167,Luderitz,NA,-26.6481,15.1594,72.43,28,0,12.71,clear sky,2022-05-02 04:38:28
168,Fortuna,US,40.5982,-124.1573,51.66,90,0,4.61,clear sky,2022-05-02 04:38:29
169,Grants,US,35.1473,-107.8514,61.03,11,0,9.22,clear sky,2022-05-02 04:38:29
170,Penzance,GB,50.1186,-5.5371,48.88,90,100,2.95,overcast clouds,2022-05-02 04:38:25
171,Maniitsoq,GL,65.4167,-52.9,24.73,82,95,3.8,overcast clouds,2022-05-02 04:38:30
172,Vanimo,PG,-2.6741,141.3028,79.88,85,100,1.9,overcast clouds,2022-05-02 04:38:13
173,Praia Da Vitoria,PT,38.7333,-27.0667,61.75,88,75,2.37,broken clouds,2022-05-02 04:38:30
174,Verkh-Usugli,RU,52.7,115.1667,64.76,29,100,14.47,overcast clouds,2022-05-02 04:38:31
175,Pensilvania,US,40.2724,-76.9057,54.52,88,75,3.0,broken clouds,2022-05-02 04:38:31
176,Fallon,US,39.4735,-118.7774,51.67,37,0,3.44,clear sky,2022-05-02 04:36:11
177,Airai,TL,-8.9266,125.4092,76.91,43,85,5.55,overcast clouds,2022-05-02 04:38:32
178,Paracuru,BR,-3.41,-39.0306,76.1,89,97,9.15,overcast clouds,2022-05-02 04:38:32
179,Uglich,RU,57.5275,38.3317,42.17,65,25,4.9,scattered clouds,2022-05-02 04:38:33
180,Tabuk,PH,17.4189,121.4443,89.98,52,48,5.93,scattered clouds,2022-05-02 04:38:33
181,Cabo San Lucas,MX,22.8909,-109.9124,73.06,56,10,5.01,clear sky,2022-05-02 04:37:56
182,Westerly,US,41.3776,-71.8273,49.91,90,0,1.01,clear sky,2022-05-02 04:38:34
183,Nioro,GM,13.35,-15.75,75.92,38,31,4.61,scattered clouds,2022-05-02 04:38:34
184,Pangnirtung,CA,66.1451,-65.7125,24.33,96,100,4.23,light snow,2022-05-02 04:38:34
185,Salinas,US,36.6777,-121.6555,57.29,71,0,9.22,clear sky,2022-05-02 04:35:52
186,Te Anau,NZ,-45.4167,167.7167,56.14,71,36,4.81,scattered clouds,2022-05-02 04:38:35
187,Sao Filipe,CV,14.8961,-24.4956,72.12,76,1,8.5,clear sky,2022-05-02 04:38:35
188,Saint-Francois,FR,46.4154,3.9054,37.67,93,100,3.44,fog,2022-05-02 04:38:36
189,Steamboat Springs,US,40.485,-106.8317,45.99,68,0,11.5,clear sky,2022-05-02 04:38:36
190,Scarborough,GB,54.2797,-0.4044,51.66,89,100,3.04,overcast clouds,2022-05-02 04:34:55
191,Alofi,NU,-19.0595,-169.9187,82.29,83,100,8.05,overcast clouds,2022-05-02 04:38:37
192,Mwene-Ditu,CD,-7.0,23.45,64.4,96,73,3.6,broken clouds,2022-05-02 04:38:37
193,Ostrovnoy,RU,68.0531,39.5131,24.04,81,80,7.05,broken clouds,2022-05-02 04:38:38
194,Tiksi,RU,71.6872,128.8694,18.28,78,33,9.48,scattered clouds,2022-05-02 04:36:50
195,Bollnas,SE,61.3482,16.3946,44.62,56,100,11.01,overcast clouds,2022-05-02 04:38:38
196,Puerto Madryn,AR,-42.7692,-65.0385,52.27,68,100,13.6,overcast clouds,2022-05-02 04:35:36
197,Rio Gallegos,AR,-51.6226,-69.2181,35.65,93,0,8.05,clear sky,2022-05-02 04:38:39
198,Shimanovsk,RU,52.0,127.7,56.39,27,100,11.83,overcast clouds,2022-05-02 04:38:39
199,Moose Factory,CA,51.2585,-80.6094,40.98,70,100,10.36,overcast clouds,2022-05-02 04:38:40
200,Saintes,FR,45.6667,-0.75,49.75,70,100,5.37,overcast clouds,2022-05-02 04:38:40
201,Dedougou,BF,12.4667,-3.4667,88.12,40,79,5.55,broken clouds,2022-05-02 04:38:41
202,Haines Junction,CA,60.7522,-137.5108,44.55,57,99,8.05,overcast clouds,2022-05-02 04:38:41
203,Jibuti,DJ,11.5,42.5,80.08,57,44,9.6,scattered clouds,2022-05-02 04:38:41
204,Pacific Grove,US,36.6177,-121.9166,55.2,84,75,18.01,broken clouds,2022-05-02 04:38:13
205,Turkan,AZ,40.3639,50.215,59.18,77,20,24.16,few clouds,2022-05-02 04:38:42
206,Santa Marta,CO,11.2408,-74.199,83.89,76,75,13.8,broken clouds,2022-05-02 04:38:42
207,Espanola,US,35.9911,-106.0806,68.74,14,17,9.69,few clouds,2022-05-02 04:38:43
208,Narsaq,GL,60.9167,-46.05,41.22,75,100,3.09,overcast clouds,2022-05-02 04:38:43
209,Guadalupe Y Calvo,MX,26.1,-106.9667,44.08,29,4,4.27,clear sky,2022-05-02 04:38:43
210,Port Lincoln,AU,-34.7333,135.8667,67.3,58,1,9.69,clear sky,2022-05-02 04:38:44
211,Nishihara,JP,26.1842,127.7558,67.28,83,100,10.36,light intensity drizzle,2022-05-02 04:38:44
212,Ngunguru,NZ,-35.6167,174.5,64.56,72,99,7.9,overcast clouds,2022-05-02 04:38:45
213,Asau,RO,46.4333,26.4,47.95,77,99,1.41,overcast clouds,2022-05-02 04:38:45
214,San Policarpo,PH,12.1791,125.5072,83.66,73,84,9.69,broken clouds,2022-05-02 04:38:46
215,Irtyshskiy,RU,58.3333,68.1333,34.84,85,100,14.97,overcast clouds,2022-05-02 04:38:46
216,Waipawa,NZ,-41.4122,175.5153,59.67,75,85,11.43,overcast clouds,2022-05-02 04:38:46
217,Grootfontein,NA,-19.5667,18.1167,47.77,93,19,2.3,few clouds,2022-05-02 04:38:47
218,Beneditinos,BR,-5.45,-42.3667,75.27,82,99,2.39,overcast clouds,2022-05-02 04:38:47
219,Iqaluit,CA,63.7506,-68.5145,20.93,85,75,5.75,broken clouds,2022-05-02 04:38:48
220,Oskemen,KZ,49.9565,82.6119,75.16,22,75,11.18,broken clouds,2022-05-02 04:38:48
221,Mogoytuy,RU,51.2833,114.9167,71.31,24,98,21.32,overcast clouds,2022-05-02 04:38:49
222,Boston,US,42.3584,-71.0598,53.17,56,20,6.91,few clouds,2022-05-02 04:38:04
223,Altay,CN,47.8667,88.1167,68.49,25,98,10.76,overcast clouds,2022-05-02 04:38:49
224,Kingaroy,AU,-26.5333,151.8333,69.84,64,100,9.22,overcast clouds,2022-05-02 04:38:50
225,Mwinilunga,ZM,-11.7358,24.4293,54.63,80,7,6.42,clear sky,2022-05-02 04:38:50
226,Saskylakh,RU,71.9167,114.0833,21.85,87,34,9.22,scattered clouds,2022-05-02 04:36:55
227,Poum,NC,-20.2333,164.0167,79.09,77,30,6.53,scattered clouds,2022-05-02 04:38:51
228,Kibala,TD,9.1104,18.3463,80.24,59,100,6.42,overcast clouds,2022-05-02 04:38:51
229,Ahipara,NZ,-35.1667,173.1667,64.87,71,100,4.09,overcast clouds,2022-05-02 04:38:51
230,Klaksvik,FO,62.2266,-6.589,38.32,69,59,19.8,broken clouds,2022-05-02 04:38:52
231,La Asuncion,VE,11.0333,-63.8628,78.53,94,67,13.8,broken clouds,2022-05-02 04:38:52
232,Los Llanos De Aridane,ES,28.6585,-17.9182,66.13,41,0,12.66,clear sky,2022-05-02 04:38:53
233,Makat,KZ,47.6469,53.3463,55.36,41,18,14.85,few clouds,2022-05-02 04:38:53
234,Corlu,TR,41.1592,27.8,49.98,87,0,14.97,clear sky,2022-05-02 04:38:54
235,Victoria,HK,22.2855,114.1577,68.32,82,100,5.99,overcast clouds,2022-05-02 04:35:08
236,Bom Jardim,BR,-7.7958,-35.5872,69.42,97,53,3.33,broken clouds,2022-05-02 04:38:54
237,Homer,US,59.6425,-151.5483,44.49,72,100,12.66,overcast clouds,2022-05-02 04:38:45
238,Severo-Kurilsk,RU,50.6789,156.125,36.28,87,86,7.43,overcast clouds,2022-05-02 04:38:55
239,Sept-Iles,CA,50.2001,-66.3821,41.52,42,0,5.75,clear sky,2022-05-02 04:35:01
240,Inta,RU,66.0317,60.1659,28.49,80,100,14.0,light snow,2022-05-02 04:38:55
241,Caravelas,BR,-17.7125,-39.2481,72.14,89,1,2.06,clear sky,2022-05-02 04:38:55
242,Bengkulu,ID,-3.8004,102.2655,85.44,63,100,5.93,overcast clouds,2022-05-02 04:35:09
243,Jinchang,CN,38.4953,102.1739,62.47,11,0,3.02,clear sky,2022-05-02 04:38:56
244,Champerico,GT,14.3,-91.9167,83.68,72,97,4.14,overcast clouds,2022-05-02 04:38:56
245,Rawson,AR,-43.3002,-65.1023,51.44,68,100,10.92,overcast clouds,2022-05-02 04:38:57
246,Guerrero Negro,MX,27.9769,-114.0611,59.5,82,28,13.69,scattered clouds,2022-05-02 04:38:57
247,Winnemucca,US,40.973,-117.7357,46.45,61,0,4.61,clear sky,2022-05-02 04:38:58
248,Codrington,AU,-38.2667,141.9667,67.62,53,100,11.52,overcast clouds,2022-05-02 04:38:58
249,Touros,BR,-5.1989,-35.4608,76.84,89,22,10.47,few clouds,2022-05-02 04:38:58
250,Limanowa,PL,49.7059,20.422,49.15,84,69,0.63,broken clouds,2022-05-02 04:38:59
251,Gairo,IT,39.8497,9.5047,45.61,64,4,4.23,clear sky,2022-05-02 04:38:59
252,Laguna,US,38.421,-121.4238,66.43,44,0,8.05,clear sky,2022-05-02 04:39:00
253,Marawi,PH,7.9986,124.2928,77.52,85,88,4.25,overcast clouds,2022-05-02 04:39:00
254,Pathein,MM,16.7833,94.7333,98.49,36,13,10.29,few clouds,2022-05-02 04:39:01
255,Kirovskiy,RU,45.0917,133.5136,52.39,49,98,10.8,overcast clouds,2022-05-02 04:39:01
256,Ibanda,TZ,-2.7974,32.4746,64.36,95,99,4.07,overcast clouds,2022-05-02 04:39:02
257,Intipuca,SV,13.1969,-88.0544,84.15,89,93,1.36,overcast clouds,2022-05-02 04:39:02
258,Inyonga,TZ,-6.7167,32.0667,63.19,93,89,5.17,overcast clouds,2022-05-02 04:39:03
259,Mahajanga,MG,-15.7167,46.3167,71.62,94,20,1.14,few clouds,2022-05-02 04:39:03
260,Usinsk,RU,65.9939,57.5281,25.86,76,96,11.83,overcast clouds,2022-05-02 04:39:03
261,Broken Hill,AU,-31.95,141.4333,64.11,48,0,6.91,clear sky,2022-05-02 04:39:04
262,Grindavik,IS,63.8424,-22.4338,37.87,75,0,11.5,clear sky,2022-05-02 04:39:04
263,Marrakesh,MA,31.6315,-8.0083,59.07,63,0,1.14,clear sky,2022-05-02 04:39:05
264,Khandyga,RU,62.6667,135.6,45.7,61,30,9.24,scattered clouds,2022-05-02 04:39:05
265,Pantai Remis,MY,4.4557,100.6288,89.62,75,100,2.8,overcast clouds,2022-05-02 04:39:06
266,Aberdeen,GB,57.1437,-2.0981,49.19,87,75,11.5,broken clouds,2022-05-02 04:37:31
267,Vao,NC,-22.6667,167.4833,75.38,88,46,19.66,scattered clouds,2022-05-02 04:39:06
268,Walvis Bay,NA,-22.9575,14.5053,54.55,94,0,3.44,clear sky,2022-05-02 04:39:07
269,Vidim,RU,56.4088,103.1106,37.74,80,100,12.3,overcast clouds,2022-05-02 04:39:07
270,Nanortalik,GL,60.1432,-45.2371,36.19,86,100,1.43,overcast clouds,2022-05-02 04:39:07
271,Piacabucu,BR,-10.4056,-36.4344,77.52,72,41,6.4,scattered clouds,2022-05-02 04:39:08
272,Sistranda,NO,63.7256,8.834,39.16,77,90,39.12,overcast clouds,2022-05-02 04:39:08
273,Puro,PH,12.4841,123.3827,87.73,59,35,6.2,scattered clouds,2022-05-02 04:39:09
274,East London,ZA,-33.0153,27.9116,54.54,87,20,8.05,few clouds,2022-05-02 04:35:38
275,Komsomolskiy,UZ,40.4272,71.7189,83.12,30,80,4.61,broken clouds,2022-05-02 04:39:09
276,Cayenne,GF,4.9333,-52.3333,80.1,1,75,5.99,broken clouds,2022-05-02 04:39:10
277,Omsukchan,RU,62.5333,155.8,31.28,90,41,7.29,scattered clouds,2022-05-02 04:39:10
278,Dharangaon,IN,21.0167,75.2667,97.2,30,1,16.89,clear sky,2022-05-02 04:39:00
279,Simpang,ID,-1.2667,104.0833,87.33,70,99,5.21,light rain,2022-05-02 04:39:11
280,Alice Springs,AU,-23.7,133.8833,74.75,35,16,8.05,few clouds,2022-05-02 04:36:52
281,Broome,US,42.2506,-75.833,56.46,73,100,6.91,overcast clouds,2022-05-02 04:39:11
282,Vanavara,RU,60.34,102.2797,37.85,39,100,10.45,overcast clouds,2022-05-02 04:39:12
283,Sargatskoye,RU,55.6101,73.4972,39.16,89,100,9.33,overcast clouds,2022-05-02 04:39:12
284,Itaituba,BR,-4.2761,-55.9836,73.44,99,99,1.61,overcast clouds,2022-05-02 04:39:13
285,Kampot,KH,10.6167,104.1833,86.05,61,99,6.82,overcast clouds,2022-05-02 04:39:13
286,Aklavik,CA,68.2191,-135.0107,34.7,94,100,9.98,overcast clouds,2022-05-02 04:39:14
287,Ribeira Grande,PT,38.5167,-28.7,61.75,84,19,1.66,few clouds,2022-05-02 04:39:14
288,Dingle,PH,10.9995,122.6711,89.96,51,57,9.28,broken clouds,2022-05-02 04:39:15
289,Nha Trang,VN,12.25,109.1833,87.8,80,95,10.76,overcast clouds,2022-05-02 04:39:15
290,Venice,US,27.0998,-82.4543,72.14,96,20,8.05,few clouds,2022-05-02 04:34:28
291,Sinazongwe,ZM,-17.2614,27.4618,68.14,65,47,5.77,scattered clouds,2022-05-02 04:39:15
292,Bambous Virieux,MU,-20.3428,57.7575,81.21,88,20,2.3,few clouds,2022-05-02 04:39:16
293,Arica,CL,-18.475,-70.3042,62.83,67,100,3.44,overcast clouds,2022-05-02 04:39:16
294,Vostok,RU,46.4856,135.8833,44.06,62,97,9.08,overcast clouds,2022-05-02 04:39:17
295,Moranbah,AU,-22.0016,148.0466,80.46,49,64,16.67,broken clouds,2022-05-02 04:39:17
296,Devils Lake,US,48.1128,-98.8651,37.38,83,100,18.41,overcast clouds,2022-05-02 04:39:17
297,Olonets,RU,60.9847,32.9698,38.61,82,57,8.01,broken clouds,2022-05-02 04:39:18
298,Gushikawa,JP,26.3544,127.8686,67.23,88,75,9.22,light rain,2022-05-02 04:39:18
299,Kampong Cham,KH,11.9934,105.4635,83.17,75,100,3.36,overcast clouds,2022-05-02 04:39:19
300,Pitimbu,BR,-7.4706,-34.8086,75.79,84,52,6.78,broken clouds,2022-05-02 04:39:19
301,Cidreira,BR,-30.1811,-50.2056,62.42,77,100,7.49,overcast clouds,2022-05-02 04:39:20
302,Saint George,US,37.1041,-113.5841,64.99,34,0,5.75,clear sky,2022-05-02 04:39:20
303,Talakan,RU,50.3167,130.3667,56.97,20,100,7.2,overcast clouds,2022-05-02 04:39:21
304,Ust-Maya,RU,60.4167,134.5333,48.79,60,12,13.22,few clouds,2022-05-02 04:39:21
305,Bud,US,39.447,-86.1758,53.62,84,12,6.38,few clouds,2022-05-02 04:39:21
306,Faya,SA,18.3851,42.4509,66.31,37,98,4.12,overcast clouds,2022-05-02 04:39:22
307,Salinopolis,BR,-0.6136,-47.3561,77.14,89,99,5.41,light rain,2022-05-02 04:39:22
308,Fukue,JP,32.6881,128.8419,70.16,46,40,9.22,scattered clouds,2022-05-02 04:39:23
309,Tiarei,PF,-17.5333,-149.3333,80.62,72,79,5.26,broken clouds,2022-05-02 04:39:23
310,Sabratah,LY,32.7933,12.4885,60.82,71,0,10.58,clear sky,2022-05-02 04:39:24
311,Paamiut,GL,61.994,-49.6678,30.88,90,92,7.31,overcast clouds,2022-05-02 04:39:24
312,Ust-Kuyga,RU,70.0167,135.6,22.01,78,100,9.57,overcast clouds,2022-05-02 04:38:18
313,Nome,US,64.5011,-165.4064,39.27,60,0,23.02,clear sky,2022-05-02 04:39:25
314,Ornes,NO,66.8689,13.7078,34.61,98,100,11.59,light snow,2022-05-02 04:39:25
315,Black River,JM,18.0264,-77.8487,76.46,85,84,3.38,broken clouds,2022-05-02 04:39:25
316,Severo-Yeniseyskiy,RU,60.3725,93.0408,30.69,82,100,14.36,light snow,2022-05-02 04:39:26
317,Kahului,US,20.8947,-156.47,73.42,89,100,12.66,heavy intensity rain,2022-05-02 04:37:52
318,Praia,CV,14.9215,-23.5087,70.34,78,20,13.8,few clouds,2022-05-02 04:39:26
319,Khingansk,RU,49.1167,131.1833,50.47,32,100,9.37,overcast clouds,2022-05-02 04:39:27
320,Beberibe,BR,-4.1797,-38.1306,76.91,90,76,9.26,broken clouds,2022-05-02 04:39:27
321,Ca Mau,VN,9.1769,105.15,89.6,60,99,5.86,overcast clouds,2022-05-02 04:39:28
322,Paita,PE,-5.0892,-81.1144,67.77,83,64,12.64,broken clouds,2022-05-02 04:39:28
323,Constitucion,CL,-35.3333,-72.4167,51.8,74,1,6.13,clear sky,2022-05-02 04:36:59
324,Port Hardy,CA,50.6996,-127.4199,48.38,81,100,2.3,light intensity shower rain,2022-05-02 04:39:27
325,Chongwe,ZM,-15.3292,28.682,57.18,86,1,7.23,clear sky,2022-05-02 04:39:29
326,Kavaratti,IN,10.5669,72.642,85.53,66,100,12.06,overcast clouds,2022-05-02 04:39:29
327,Lasa,IT,46.6166,10.7002,47.28,88,39,3.6,scattered clouds,2022-05-02 04:39:30
328,Amahai,ID,-3.3333,128.9167,86.11,67,32,6.8,scattered clouds,2022-05-02 04:39:30
329,Lusambo,CD,-4.9667,23.45,66.83,98,95,2.06,overcast clouds,2022-05-02 04:39:30
330,Fort Morgan,US,40.2503,-103.8,49.42,76,100,23.02,overcast clouds,2022-05-02 04:39:31
331,Basoko,CD,1.2391,23.616,69.73,96,97,5.55,overcast clouds,2022-05-02 04:39:31
332,Port Blair,IN,11.6667,92.75,86.04,74,40,9.22,scattered clouds,2022-05-02 04:39:32
333,Kindu,CD,-2.95,25.95,68.88,97,100,0.92,overcast clouds,2022-05-02 04:39:32
334,Okhotsk,RU,59.3833,143.3,35.71,77,34,9.51,scattered clouds,2022-05-02 04:39:33
335,Bignona,SN,12.8103,-16.2264,73.49,63,77,5.48,broken clouds,2022-05-02 04:39:33
336,Le Port,RE,-20.9373,55.2919,80.62,61,0,2.04,clear sky,2022-05-02 04:39:33
337,Greenfield,US,42.9614,-88.0126,49.48,80,100,9.22,overcast clouds,2022-05-02 04:39:34
338,Mitsamiouli,KM,-11.3847,43.2844,80.89,74,20,25.32,few clouds,2022-05-02 04:39:34
339,Maceio,BR,-9.6658,-35.7353,74.64,88,40,3.44,scattered clouds,2022-05-02 04:39:35
340,Inverness,GB,57.4791,-4.224,48.97,87,98,3.0,overcast clouds,2022-05-02 04:37:58
341,San Juan,AR,-31.5375,-68.5364,56.43,53,58,4.43,broken clouds,2022-05-02 04:37:15
342,Pingliang,CN,35.5392,106.6861,64.81,14,0,7.7,clear sky,2022-05-02 04:39:10
343,Port Macquarie,AU,-31.4333,152.9167,71.89,57,34,7.31,scattered clouds,2022-05-02 04:39:35
344,Geraldton,AU,-28.7667,114.6,77.41,36,0,12.66,clear sky,2022-05-02 04:39:36
345,Adrar,MR,20.5022,-10.0711,73.17,19,0,10.74,clear sky,2022-05-02 04:39:36
346,Norman Wells,CA,65.282,-126.8329,50.04,40,75,11.5,broken clouds,2022-05-02 04:39:36
347,Valkla,EE,59.4744,25.3186,39.25,72,58,8.48,broken clouds,2022-05-02 04:39:37
348,Leopold,AU,-38.1833,144.4667,69.66,60,100,13.8,overcast clouds,2022-05-02 04:39:37
349,Bolshaya Glushitsa,RU,50.2406,43.5908,47.01,49,31,6.26,scattered clouds,2022-05-02 04:39:38
350,Fare,PF,-16.7,-151.0167,81.03,73,72,10.25,broken clouds,2022-05-02 04:39:38
351,Capreol,CA,46.706,-80.9225,48.54,88,100,8.05,overcast clouds,2022-05-02 04:39:38
352,Reconquista,AR,-29.15,-59.65,58.15,96,100,8.95,overcast clouds,2022-05-02 04:39:39
353,Nemuro,JP,43.3236,145.575,42.03,94,96,12.01,overcast clouds,2022-05-02 04:39:39
354,Hofn,IS,64.2539,-15.2082,31.77,78,100,7.38,overcast clouds,2022-05-02 04:39:40
355,Lorengau,PG,-2.0226,147.2712,83.57,74,98,1.59,overcast clouds,2022-05-02 04:39:40
356,Ibra,OM,22.6906,58.5334,92.32,16,0,5.1,clear sky,2022-05-02 04:39:41
357,Fez,MA,34.0372,-4.9998,50.25,71,0,5.75,clear sky,2022-05-02 04:39:41
358,Maracacume,BR,-2.0428,-45.9592,73.09,98,98,1.57,overcast clouds,2022-05-02 04:39:41
359,El Alto,PE,-4.2714,-81.2147,66.07,84,72,11.79,broken clouds,2022-05-02 04:39:42
360,Kleive,NO,62.7954,7.6359,40.71,87,75,21.85,broken clouds,2022-05-02 04:39:42
361,Ilulissat,GL,69.2167,-51.1,17.62,62,46,0.0,scattered clouds,2022-05-02 04:39:43
362,Borogontsy,RU,62.6683,131.1683,46.13,64,92,12.12,overcast clouds,2022-05-02 04:39:43
363,Eyrarbakki,IS,63.863,-21.1481,37.45,67,99,8.93,overcast clouds,2022-05-02 04:39:44
364,Havre,FR,49.5833,0.3333,49.77,81,0,9.22,clear sky,2022-05-02 04:39:44
365,Sohag,EG,26.557,31.6948,70.09,20,29,1.28,scattered clouds,2022-05-02 04:39:44
366,Ayorou,NE,14.7308,0.9174,83.1,15,72,9.13,broken clouds,2022-05-02 04:39:45
367,Coihaique,CL,-45.5752,-72.0662,42.75,93,0,5.75,clear sky,2022-05-02 04:36:52
368,Teeswater,CA,43.9959,-81.2865,50.65,88,90,7.14,overcast clouds,2022-05-02 04:39:45
369,Qui Nhon,VN,13.7667,109.2333,78.31,85,100,14.9,overcast clouds,2022-05-02 04:39:46
370,Kushima,JP,31.4583,131.2333,68.52,34,100,8.05,overcast clouds,2022-05-02 04:39:46
371,Luanda,AO,-8.8368,13.2343,77.0,88,20,4.61,few clouds,2022-05-02 04:39:47
372,Colesberg,ZA,-30.72,25.0972,51.28,50,1,2.62,clear sky,2022-05-02 04:39:47
373,Keffi,NG,8.8486,7.8736,74.37,79,88,2.73,overcast clouds,2022-05-02 04:39:47
374,Apastovo,RU,55.2029,48.5109,46.2,51,26,11.27,scattered clouds,2022-05-02 04:39:48
375,Bluefield,US,37.2698,-81.2223,59.56,88,100,9.22,mist,2022-05-02 04:39:48
376,Lagoa,PT,39.05,-27.9833,60.15,83,21,2.86,few clouds,2022-05-02 04:39:49
377,Kungurtug,RU,50.5994,97.5228,69.57,14,51,7.96,broken clouds,2022-05-02 04:39:49
378,Bathsheba,BB,13.2167,-59.5167,79.41,89,40,16.11,scattered clouds,2022-05-02 04:39:50
379,Watsa,CD,3.0372,29.5355,65.08,95,100,2.73,overcast clouds,2022-05-02 04:39:50
380,Falun,SE,60.6036,15.626,43.95,62,93,10.0,overcast clouds,2022-05-02 04:39:50
381,Ust-Kan,RU,50.9276,84.761,60.3,42,100,15.55,overcast clouds,2022-05-02 04:39:51
382,Camacha,PT,33.0833,-16.3333,60.22,67,40,11.5,scattered clouds,2022-05-02 04:39:51
383,Valparaiso,CL,-33.0393,-71.6273,55.47,74,0,4.61,clear sky,2022-05-02 04:37:08
384,Lisakovsk,KZ,52.5369,62.4936,45.45,43,9,14.94,clear sky,2022-05-02 04:39:52
385,San Prisco,IT,41.0871,14.2782,57.43,72,93,3.36,overcast clouds,2022-05-02 04:39:52
386,Peterhead,GB,57.5058,-1.7981,48.6,85,97,14.81,overcast clouds,2022-05-02 04:39:53
387,Nushki,PK,29.5542,66.0215,87.71,14,6,0.58,clear sky,2022-05-02 04:39:53
388,Tagusao,PH,9.1924,117.8141,86.74,65,99,3.22,overcast clouds,2022-05-02 04:39:53
389,Katherine,AU,-14.4667,132.2667,95.32,26,40,13.8,scattered clouds,2022-05-02 04:39:54
390,Gamba,GA,-2.65,10.0,76.12,91,100,2.26,overcast clouds,2022-05-02 04:39:54
391,Annecy-Le-Vieux,FR,45.9197,6.1439,46.36,87,0,3.44,clear sky,2022-05-02 04:39:55
392,Mnogovershinnyy,RU,53.9353,139.9242,32.5,93,99,3.62,overcast clouds,2022-05-02 04:39:55
393,San Rafael Del Sur,NI,11.8485,-86.4384,81.57,75,99,4.56,overcast clouds,2022-05-02 04:39:56
394,Carandai,BR,-20.9536,-43.8064,56.14,80,0,2.48,clear sky,2022-05-02 04:39:56
395,Deputatskiy,RU,69.3,139.9,29.57,94,99,3.15,overcast clouds,2022-05-02 04:39:56
396,Kaeo,NZ,-35.1,173.7833,64.33,84,100,6.08,overcast clouds,2022-05-02 04:39:57
397,Cortez,US,37.3489,-108.5859,58.03,30,100,13.8,overcast clouds,2022-05-02 04:39:57
398,Pisco,PE,-13.7,-76.2167,64.45,82,0,8.05,clear sky,2022-05-02 04:39:58
399,Lixourion,GR,38.2019,20.4314,60.57,83,100,3.31,light rain,2022-05-02 04:39:58
400,Rabaul,PG,-4.1967,152.1721,85.17,68,8,9.06,clear sky,2022-05-02 04:39:58
401,Birao,CF,10.2849,22.7882,80.74,57,97,5.79,overcast clouds,2022-05-02 04:39:59
402,Hammerfest,NO,70.6634,23.6821,28.85,86,75,20.71,light snow,2022-05-02 04:39:59
403,Stavern,NO,59.0,10.0333,43.52,84,54,9.35,broken clouds,2022-05-02 04:40:00
404,Madingou,CG,-4.1536,13.55,72.73,95,100,0.78,light rain,2022-05-02 04:40:00
405,Kaminskiy,RU,57.1516,41.4732,43.03,69,42,6.44,scattered clouds,2022-05-02 04:40:01
406,Elesbao Veloso,BR,-6.2019,-42.1403,76.51,69,91,1.45,moderate rain,2022-05-02 04:40:01
407,Truth Or Consequences,US,33.1284,-107.2528,75.43,6,0,10.36,clear sky,2022-05-02 04:40:01
408,Takoradi,GH,4.8845,-1.7554,79.39,86,96,6.35,overcast clouds,2022-05-02 04:40:02
409,Alta Gracia,AR,-31.6529,-64.4283,48.31,58,83,3.02,broken clouds,2022-05-02 04:40:02
410,Sambava,MG,-14.2667,50.1667,78.69,83,43,8.55,light rain,2022-05-02 04:40:03
411,College,US,64.8569,-147.8028,52.59,38,75,6.91,broken clouds,2022-05-02 04:40:03
412,Vila Do Maio,CV,15.1333,-23.2167,70.59,83,30,14.79,scattered clouds,2022-05-02 04:40:04
413,Eisiskes,LT,54.1667,25.0,43.48,84,50,4.61,scattered clouds,2022-05-02 04:40:04
414,Benton Harbor,US,42.1167,-86.4542,50.65,78,100,14.97,overcast clouds,2022-05-02 04:40:05
415,Aasiaat,GL,68.7098,-52.8699,7.65,96,52,2.91,broken clouds,2022-05-02 04:40:05
416,Weihai,CN,37.5017,122.1136,55.51,42,1,7.58,clear sky,2022-05-02 04:40:05
417,Huilong,CN,31.8111,121.655,70.0,49,79,11.74,broken clouds,2022-05-02 04:40:06
418,Rajpur,IN,22.3,74.35,96.33,29,2,16.37,clear sky,2022-05-02 04:40:06
419,Muros,ES,42.7762,-9.0603,53.1,84,83,6.13,broken clouds,2022-05-02 04:40:07
420,Kondopoga,RU,62.2057,34.2614,40.69,89,93,6.69,overcast clouds,2022-05-02 04:40:07
421,Uruzgan,AF,32.8333,66.0,74.8,25,100,2.44,overcast clouds,2022-05-02 04:40:08
422,Eureka,US,40.8021,-124.1637,51.93,83,36,0.63,scattered clouds,2022-05-02 04:40:08
423,Lompoc,US,34.6391,-120.4579,52.59,87,100,8.05,overcast clouds,2022-05-02 04:38:01
424,Wanxian,CN,30.8039,108.3897,67.64,63,89,2.91,overcast clouds,2022-05-02 04:40:09
425,Verkhoshizhemye,RU,58.011,49.1038,41.18,66,91,7.67,overcast clouds,2022-05-02 04:40:09
426,Santa Cruz,BO,-17.8,-63.1667,72.86,88,75,4.61,broken clouds,2022-05-02 04:40:09
427,Milpitas,US,37.4283,-121.9066,59.56,64,0,13.8,clear sky,2022-05-02 04:38:52
428,Lashio,MM,22.9333,97.75,91.69,30,13,4.9,few clouds,2022-05-02 04:40:10
429,Chapais,CA,49.7834,-74.8492,40.78,92,76,9.24,broken clouds,2022-05-02 04:40:11
430,Phan Thiet,VN,10.9333,108.1,88.2,61,97,8.66,overcast clouds,2022-05-02 04:39:55
431,Teofilo Otoni,BR,-17.8575,-41.5053,64.06,93,46,2.75,scattered clouds,2022-05-02 04:38:37
432,Chipinge,ZW,-20.1883,32.6236,55.9,95,84,3.27,broken clouds,2022-05-02 04:40:11
433,Mattawa,US,46.7379,-119.9028,61.41,66,100,28.01,overcast clouds,2022-05-02 04:40:12
434,San Martin,AR,-33.081,-68.4681,57.74,36,42,7.43,scattered clouds,2022-05-02 04:40:12
435,Lensk,RU,60.7253,114.9278,32.0,56,100,8.88,overcast clouds,2022-05-02 04:40:12
436,Damoh,IN,23.8333,79.45,103.96,15,35,11.97,scattered clouds,2022-05-02 04:40:13
437,Pozhva,RU,59.0912,56.0847,34.84,82,91,5.66,overcast clouds,2022-05-02 04:40:13
438,Shahe,CN,39.2708,113.5478,66.92,21,2,9.51,clear sky,2022-05-02 04:40:14
439,Buraydah,SA,26.326,43.975,72.05,15,0,8.3,clear sky,2022-05-02 04:40:14
440,Namibe,AO,-15.1961,12.1522,71.6,74,27,5.55,scattered clouds,2022-05-02 04:39:35
441,Namatanai,PG,-3.6667,152.4333,85.03,68,15,6.91,few clouds,2022-05-02 04:40:15
442,Zhigalovo,RU,54.8097,105.1578,52.57,68,100,10.78,overcast clouds,2022-05-02 04:40:15
443,Saurimo,AO,-9.6608,20.3916,59.23,68,68,6.6,broken clouds,2022-05-02 04:40:16
444,San Quintin,MX,30.4833,-115.95,57.92,83,0,10.85,clear sky,2022-05-02 04:40:16
445,Puerto Madero,MX,14.7208,-92.4215,82.44,75,93,4.83,overcast clouds,2022-05-02 04:40:16
446,Ruteng,ID,-8.6136,120.4721,77.25,61,60,2.35,broken clouds,2022-05-02 04:40:17
447,Dijkot,PK,31.2167,72.9833,106.92,10,7,7.36,clear sky,2022-05-02 04:40:17
448,Nouadhibou,MR,20.931,-17.0347,64.38,88,2,16.11,clear sky,2022-05-02 04:40:18
449,Shache,CN,38.4167,77.2406,77.43,10,6,9.95,clear sky,2022-05-02 04:40:18
450,Yining,CN,29.0361,114.5636,73.99,38,85,2.82,overcast clouds,2022-05-02 04:40:19
451,Muroto,JP,33.2833,134.15,64.04,46,83,13.85,broken clouds,2022-05-02 04:40:19
452,Itoman,JP,26.1247,127.6694,68.02,80,75,10.36,light rain,2022-05-02 04:40:19
453,Wajima,JP,37.4,136.9,54.28,71,75,3.44,broken clouds,2022-05-02 04:40:20
454,Mukhen,RU,48.1,136.1,50.67,51,97,8.25,overcast clouds,2022-05-02 04:40:20
455,Nanning,CN,22.8167,108.3167,73.85,42,45,8.9,scattered clouds,2022-05-02 04:40:21
456,Vestmanna,FO,62.1564,-7.1664,36.52,70,100,23.02,overcast clouds,2022-05-02 04:40:21
457,Sakakah,SA,29.9697,40.2064,67.57,31,0,10.27,clear sky,2022-05-02 04:40:22
458,Vila Velha,BR,-20.3297,-40.2925,76.95,82,0,8.05,clear sky,2022-05-02 04:36:44
459,Kopavogur,IS,64.1123,-21.913,37.62,60,0,10.36,clear sky,2022-05-02 04:40:22
460,Westonaria,ZA,-26.3191,27.6486,51.08,38,0,2.04,clear sky,2022-05-02 04:36:40
461,Donnacona,CA,46.6804,-71.7239,44.91,87,0,8.28,clear sky,2022-05-02 04:40:23
462,Marienburg,PL,54.0359,19.0266,43.88,81,9,2.82,clear sky,2022-05-02 04:40:23
463,Mandalgovi,MN,45.7625,106.2708,68.74,12,66,12.68,broken clouds,2022-05-02 04:40:24
464,Jalu,LY,29.0331,21.5482,71.04,50,89,18.32,overcast clouds,2022-05-02 04:40:24
465,Searcy,US,35.2506,-91.7363,62.15,90,0,0.0,clear sky,2022-05-02 04:40:24
466,Kisangani,CD,0.5167,25.2,70.39,99,100,3.44,light rain,2022-05-02 04:40:25
467,Rocha,UY,-34.4833,-54.3333,54.23,68,99,5.79,overcast clouds,2022-05-02 04:35:26
468,Kilindoni,TZ,-7.9139,39.6668,79.12,80,54,21.47,light rain,2022-05-02 04:40:25
469,Tezu,IN,27.9167,96.1667,83.32,56,98,3.6,overcast clouds,2022-05-02 04:40:26
470,Port Hedland,AU,-20.3167,118.5667,87.85,45,94,8.05,overcast clouds,2022-05-02 04:40:26
471,Harper,LR,4.375,-7.7169,79.92,83,62,4.56,broken clouds,2022-05-02 04:40:27
472,Manoel Urbano,BR,-8.8389,-69.2597,72.9,87,58,2.62,broken clouds,2022-05-02 04:40:27
473,Noboribetsu,JP,42.4514,141.1731,46.69,66,32,20.85,scattered clouds,2022-05-02 04:40:27
474,Bilibino,RU,68.0546,166.4372,28.06,72,55,2.53,broken clouds,2022-05-02 04:40:28
475,Korla,CN,41.7597,86.1469,72.79,15,23,19.06,few clouds,2022-05-02 04:40:28
476,Umm Kaddadah,SD,13.6017,26.6876,82.45,12,93,4.05,overcast clouds,2022-05-02 04:39:49
477,Uglegorsk,RU,49.0833,142.0333,38.7,79,100,13.53,overcast clouds,2022-05-02 04:40:29
478,Hualmay,PE,-11.0964,-77.6139,64.56,87,90,4.29,overcast clouds,2022-05-02 04:40:29
479,Longyearbyen,SJ,78.2186,15.6401,10.24,67,75,8.05,broken clouds,2022-05-02 04:37:36
480,Talcahuano,CL,-36.7167,-73.1167,47.88,100,1,4.61,mist,2022-05-02 04:40:29
481,Mujiayingzi,CN,42.1167,118.7833,64.83,24,39,4.7,scattered clouds,2022-05-02 04:40:30
482,Ciudad Bolivar,VE,8.1222,-63.5497,79.0,69,32,12.62,scattered clouds,2022-05-02 04:40:30
483,Port Keats,AU,-14.25,129.55,93.92,35,41,6.89,scattered clouds,2022-05-02 04:40:31
484,Eyl,SO,7.9803,49.8164,88.09,59,100,13.65,overcast clouds,2022-05-02 04:40:31
485,Cervia,IT,44.2657,12.3427,55.99,86,40,9.22,scattered clouds,2022-05-02 04:40:32
486,Yerbogachen,RU,61.2767,108.0108,35.53,46,4,1.86,clear sky,2022-05-02 04:40:32
487,Sohbatpur,PK,28.5202,68.5434,106.25,10,60,10.85,broken clouds,2022-05-02 04:40:33
488,Mahibadhoo,MV,3.7833,72.9667,85.06,75,95,18.95,overcast clouds,2022-05-02 04:40:33
489,Sokoto,NG,13.0609,5.239,82.33,18,65,6.29,broken clouds,2022-05-02 04:40:33
490,Trairi,BR,-3.2778,-39.2689,75.56,94,97,6.85,overcast clouds,2022-05-02 04:40:34
491,Beringovskiy,RU,63.05,179.3167,20.68,82,22,10.38,few clouds,2022-05-02 04:40:34
492,Elizabeth City,US,36.2946,-76.2511,69.82,73,100,17.27,overcast clouds,2022-05-02 04:40:35
493,Pemberton,CA,50.3164,-122.8027,44.98,98,100,2.42,overcast clouds,2022-05-02 04:40:35
494,Zhuhai,CN,22.2769,113.5678,67.78,77,40,20.71,light rain,2022-05-02 04:40:35
495,Libreville,GA,0.3925,9.4537,77.02,88,40,6.91,thunderstorm,2022-05-02 04:40:36
496,Rovnoye,RU,50.7765,46.0509,45.59,45,20,7.25,few clouds,2022-05-02 04:40:36
497,Orocue,CO,4.7912,-71.3354,76.41,80,34,2.71,scattered clouds,2022-05-02 04:40:37
498,Kajaani,FI,64.2273,27.7285,35.65,93,100,9.22,light rain,2022-05-02 04:40:37
499,Hami,CN,42.8,93.45,75.0,7,65,4.81,broken clouds,2022-05-02 04:40:38
500,Seydi,TM,39.4816,62.9137,77.79,36,100,12.53,overcast clouds,2022-05-02 04:40:38
501,Thames,NZ,-37.1333,175.5333,62.24,74,100,3.76,overcast clouds,2022-05-02 04:40:38
502,Orbetello,IT,42.4408,11.2196,46.42,84,10,4.12,clear sky,2022-05-02 04:40:39
503,Aswan,EG,24.0934,32.907,76.3,19,0,5.75,clear sky,2022-05-02 04:40:39
504,Nouakchott,MR,18.0858,-15.9785,64.33,83,10,13.0,clear sky,2022-05-02 04:40:40
505,Warrington,GB,53.3925,-2.5802,52.79,91,100,4.61,overcast clouds,2022-05-02 04:40:40
506,Lere,NG,10.387,8.5726,74.61,62,85,4.03,overcast clouds,2022-05-02 04:40:41
507,Russell,US,32.3502,-85.1999,69.4,91,0,0.0,clear sky,2022-05-02 04:40:41
508,Butka,RU,56.7179,63.7866,40.41,43,9,13.35,clear sky,2022-05-02 04:40:41
509,Bambanglipuro,ID,-7.95,110.2833,88.74,64,94,9.6,overcast clouds,2022-05-02 04:40:42
510,Sergeyevka,KZ,53.88,67.4158,40.37,93,98,12.17,light rain,2022-05-02 04:40:42
511,Grand Gaube,MU,-20.0064,57.6608,81.37,71,6,5.01,clear sky,2022-05-02 04:40:43
512,Herat,AF,34.5,62.0,68.13,46,100,7.78,overcast clouds,2022-05-02 04:40:43
513,Vertientes,CU,21.2594,-78.1464,74.01,84,19,10.6,few clouds,2022-05-02 04:40:43
514,Paka,MY,4.6374,103.4368,89.53,66,40,6.91,scattered clouds,2022-05-02 04:40:44
515,Opuwo,NA,-18.0607,13.84,66.42,46,64,5.97,broken clouds,2022-05-02 04:40:44
516,Turayf,SA,31.6725,38.6637,57.45,82,0,3.44,clear sky,2022-05-02 04:40:45
517,Magadan,RU,59.5667,150.8,43.54,86,85,4.38,overcast clouds,2022-05-02 04:40:45
518,Port-Gentil,GA,-0.7193,8.7815,80.6,80,100,7.45,overcast clouds,2022-05-02 04:40:46
519,Nemesnadudvar,HU,46.3405,19.0511,52.34,70,92,7.74,overcast clouds,2022-05-02 04:40:46
520,Lavrentiya,RU,65.5833,-171.0,14.27,86,10,9.95,clear sky,2022-05-02 04:40:46
521,Veraval,IN,20.9,70.3667,87.91,68,0,11.79,clear sky,2022-05-02 04:40:47
522,Finschhafen,PG,-6.6024,147.8681,84.16,69,23,2.42,few clouds,2022-05-02 04:36:58
523,Shimoda,JP,34.6667,138.95,66.56,72,98,7.29,overcast clouds,2022-05-02 04:40:47
524,Haradok,BY,55.4624,29.9816,44.71,73,99,4.12,light rain,2022-05-02 04:40:48
525,Purpe,RU,64.4803,76.6897,30.97,89,36,5.3,scattered clouds,2022-05-02 04:40:48
526,Kodiak,US,57.79,-152.4072,45.91,61,20,9.22,few clouds,2022-05-02 04:40:49
527,Manono,CD,-7.3,27.4167,68.41,93,77,2.86,broken clouds,2022-05-02 04:40:49
528,Ziarat,PK,30.3823,67.7282,73.02,15,56,10.58,broken clouds,2022-05-02 04:40:50
529,Axim,GH,4.8699,-2.2405,79.61,85,100,6.35,overcast clouds,2022-05-02 04:40:50
530,Marzuq,YE,14.4,46.4667,82.24,34,40,3.06,scattered clouds,2022-05-02 04:40:50
531,Rensvik,NO,63.1,7.8167,40.66,70,75,26.46,broken clouds,2022-05-02 04:40:51
532,Cowra,AU,-33.8333,148.6833,67.86,49,83,2.51,broken clouds,2022-05-02 04:40:51
533,Santos Dumont,BR,-21.4567,-43.5525,59.05,74,0,3.83,clear sky,2022-05-02 04:40:52
534,Morros,BR,-9.4467,-46.3003,75.96,55,88,4.72,overcast clouds,2022-05-02 04:40:52
535,Marsa Matruh,EG,31.3525,27.2453,64.6,63,0,11.5,clear sky,2022-05-02 04:40:53
536,Viedma,AR,-40.8135,-62.9967,49.24,75,100,7.49,light rain,2022-05-02 04:40:26
537,Sao Joaquim,BR,-28.2939,-49.9317,54.68,98,100,0.78,overcast clouds,2022-05-02 04:40:53
538,Luena,AO,-11.7833,19.9167,52.27,80,2,4.03,clear sky,2022-05-02 04:40:53
539,Aksu,CN,41.1231,80.2644,72.88,15,6,6.38,clear sky,2022-05-02 04:39:16
540,Tuatapere,NZ,-46.1333,167.6833,58.69,74,32,4.43,scattered clouds,2022-05-02 04:40:54
541,Carbonia,IT,39.1672,8.5222,51.01,89,7,4.23,clear sky,2022-05-02 04:40:54
542,Alvinopolis,BR,-20.1067,-43.0489,64.94,80,75,1.68,broken clouds,2022-05-02 04:40:55
543,Norilsk,RU,69.3535,88.2027,24.42,83,100,13.76,overcast clouds,2022-05-02 04:40:55
544,Tigil,RU,57.8,158.6667,34.12,90,99,7.61,overcast clouds,2022-05-02 04:40:55
545,Batemans Bay,AU,-35.7167,150.1833,66.09,56,2,7.96,clear sky,2022-05-02 04:40:56
546,Ovalle,CL,-30.5983,-71.2003,60.22,61,85,2.93,overcast clouds,2022-05-02 04:40:56
547,Seoul,KR,37.5683,126.9778,65.59,26,0,11.5,clear sky,2022-05-02 04:38:00
548,Makakilo City,US,21.3469,-158.0858,77.32,65,20,14.97,few clouds,2022-05-02 04:40:57
549,Kadoma,JP,34.7333,135.5833,70.18,29,40,13.8,scattered clouds,2022-05-02 04:40:57
550,Payo,ID,-3.7508,103.6372,92.43,51,100,2.51,overcast clouds,2022-05-02 04:40:58
551,Mogadishu,SO,2.0371,45.3438,83.1,76,98,12.53,overcast clouds,2022-05-02 04:40:58
552,Tsabong,BW,-26.0217,22.401,58.87,56,0,9.86,clear sky,2022-05-02 04:40:58
553,Flinders,AU,-34.5833,150.8552,74.37,66,1,8.88,clear sky,2022-05-02 04:40:59
554,Alim,PH,9.5649,122.4876,84.4,71,89,5.59,overcast clouds,2022-05-02 04:40:59
555,Sinnamary,GF,5.3833,-52.95,77.52,86,78,10.38,broken clouds,2022-05-02 04:41:00
556,Takab,IR,36.4009,47.1133,49.59,78,70,5.7,light rain,2022-05-02 04:41:00
557,Leh,IN,34.1667,77.5833,51.44,25,0,0.6,clear sky,2022-05-02 04:41:00
558,Amazar,RU,53.858,120.875,50.43,60,92,12.82,overcast clouds,2022-05-02 04:41:01
559,Acari,PE,-15.4311,-74.6158,67.51,81,36,2.51,scattered clouds,2022-05-02 04:41:01
560,Vereshchagino,RU,58.0789,54.6557,39.78,63,91,11.07,overcast clouds,2022-05-02 04:41:02
561,Ayan,RU,56.45,138.1667,30.58,89,99,3.22,overcast clouds,2022-05-02 04:41:02
562,Tura,IN,25.5198,90.2201,86.25,56,81,4.65,light rain,2022-05-02 04:40:11
563,Ambon,ID,-3.6954,128.1814,82.54,74,40,5.75,scattered clouds,2022-05-02 04:41:03
564,Troy,US,42.6056,-83.1499,54.57,80,100,11.5,overcast clouds,2022-05-02 04:39:53
565,Ariquemes,BR,-9.9133,-63.0408,71.69,96,59,0.47,broken clouds,2022-05-02 04:41:03
566,Birobidzhan,RU,48.8,132.95,50.31,51,100,4.72,overcast clouds,2022-05-02 04:41:04
567,Denpasar,ID,-8.65,115.2167,87.46,79,20,18.41,few clouds,2022-05-02 04:41:04
568,Tautira,PF,-17.7333,-149.15,79.99,72,94,5.46,overcast clouds,2022-05-02 04:41:04
569,Aransas Pass,US,27.9095,-97.15,80.02,90,40,14.97,scattered clouds,2022-05-02 04:41:05
570,Lubango,AO,-14.9172,13.4925,56.41,64,11,5.19,few clouds,2022-05-02 04:41:05
571,The Valley,AI,18.217,-63.0578,79.11,80,95,21.16,overcast clouds,2022-05-02 04:41:06
572,Aripuana,BR,-9.1667,-60.6333,74.35,87,38,0.92,scattered clouds,2022-05-02 04:41:06
573,Udachnyy,RU,66.4167,112.4,32.45,42,70,16.71,broken clouds,2022-05-02 04:41:07
574,Oda,JP,35.1833,132.5,59.77,55,0,13.35,clear sky,2022-05-02 04:40:59
575,Cartagena Del Chaira,CO,1.3349,-74.8429,71.11,94,98,1.99,overcast clouds,2022-05-02 04:41:07
576,Byron Bay,AU,-28.65,153.6167,73.94,60,12,12.24,few clouds,2022-05-02 04:41:08
577,Yinchuan,CN,38.4681,106.2731,70.07,9,5,5.77,clear sky,2022-05-02 04:41:08
578,Robertsport,LR,6.7533,-11.3686,80.76,80,99,2.51,overcast clouds,2022-05-02 04:41:09
579,Inverell,AU,-29.7833,151.1167,78.67,40,0,1.99,clear sky,2022-05-02 04:41:09
580,Rosetown,CA,51.5501,-108.0014,42.78,49,100,9.22,overcast clouds,2022-05-02 04:38:19
581,Ust-Nera,RU,64.5667,143.2,36.72,90,70,3.18,broken clouds,2022-05-02 04:41:10
582,Payakumbuh,ID,-0.2202,100.6308,81.75,79,98,1.57,overcast clouds,2022-05-02 04:41:10
583,Soyo,AO,-6.1349,12.3689,77.29,88,100,5.19,overcast clouds,2022-05-02 04:41:10
584,Jagdalpur,IN,19.0667,82.0333,97.95,27,48,11.41,scattered clouds,2022-05-02 04:41:11
585,Gwadar,PK,25.1216,62.3254,85.93,60,0,20.15,clear sky,2022-05-02 04:41:11
586,Neuquen,AR,-38.9516,-68.0591,49.89,71,0,0.0,clear sky,2022-05-02 04:37:00
587,San Lawrenz,MT,36.0553,14.204,57.85,93,0,1.99,clear sky,2022-05-02 04:41:12
588,Iralaya,HN,15.0,-83.2333,78.71,88,70,11.01,broken clouds,2022-05-02 04:41:12
589,Pietersburg,ZA,-23.9045,29.4688,45.45,87,0,1.14,clear sky,2022-05-02 04:41:13
590,Sanawad,IN,22.1833,76.0667,99.68,23,66,14.23,broken clouds,2022-05-02 04:41:13
591,Camalu,MX,30.85,-116.0667,58.87,85,0,6.93,clear sky,2022-05-02 04:41:14
592,Liusha,CN,27.2098,108.59,66.94,48,94,5.39,overcast clouds,2022-05-02 04:41:14
593,Matara,LK,5.9485,80.5353,86.68,69,96,13.67,overcast clouds,2022-05-02 04:41:15
594,Bayan,CN,46.0833,127.4,58.77,29,82,12.57,broken clouds,2022-05-02 04:41:15
595,Nunchia,CO,5.6406,-72.1986,70.29,93,78,3.8,broken clouds,2022-05-02 04:41:15
596,Sernur,RU,56.9333,49.1536,43.03,62,84,8.79,broken clouds,2022-05-02 04:41:16
597,Cienfuegos,CU,22.1461,-80.4356,73.54,88,0,5.75,clear sky,2022-05-02 04:41:16
598,Pinheiro Machado,BR,-31.5783,-53.3811,49.05,95,78,4.43,broken clouds,2022-05-02 04:41:17
599,Oxapampa,PE,-10.5775,-75.4017,59.61,96,98,1.16,overcast clouds,2022-05-02 04:41:17
600,Brest,BY,52.1,23.7,42.76,81,90,2.24,overcast clouds,2022-05-02 04:41:18
601,Ternate,ID,0.8,127.4,84.99,72,8,8.21,clear sky,2022-05-02 04:41:18
602,Olafsvik,IS,64.8945,-23.7142,33.35,64,40,17.74,scattered clouds,2022-05-02 04:41:18
603,Suez,EG,29.9737,32.5263,69.03,51,52,6.98,broken clouds,2022-05-02 04:39:35
604,High Level,CA,58.5169,-117.136,46.51,61,75,3.44,broken clouds,2022-05-02 04:41:19
605,Morondava,MG,-20.2833,44.2833,72.05,70,0,8.93,clear sky,2022-05-02 04:41:19
606,Vestmannaeyjar,IS,63.4427,-20.2734,44.64,79,100,14.52,overcast clouds,2022-05-02 04:41:20
607,Aykhal,RU,66.0,111.5,27.32,84,68,18.61,broken clouds,2022-05-02 04:41:20
608,Mackay,AU,-21.15,149.2,81.68,73,100,16.11,overcast clouds,2022-05-02 04:41:21
609,Panacan,PH,9.2463,118.4082,85.48,70,50,5.99,scattered clouds,2022-05-02 04:41:21
610,Lake Charles,US,30.2131,-93.2044,73.38,94,0,12.66,clear sky,2022-05-02 04:41:22
611,Zaysan,KZ,47.4667,84.8667,76.86,20,97,4.61,overcast clouds,2022-05-02 04:41:22
612,Henderson,US,36.0397,-114.9819,75.22,17,0,25.32,clear sky,2022-05-02 04:39:56
613,Puerto El Triunfo,SV,13.2833,-88.55,85.12,82,88,3.87,overcast clouds,2022-05-02 04:41:23
614,Turmero,VE,10.2239,-67.4729,72.86,75,42,3.24,scattered clouds,2022-05-02 04:41:23
615,Yaring,TH,6.8662,101.3689,88.18,63,100,6.6,overcast clouds,2022-05-02 04:41:23
616,Chunskiy,RU,56.0815,99.6342,48.2,54,100,13.13,overcast clouds,2022-05-02 04:41:24
617,Kidal,ML,18.4411,1.4078,75.54,16,2,11.72,clear sky,2022-05-02 04:41:24
618,Marevo,RU,57.3146,32.0804,42.42,63,67,6.33,broken clouds,2022-05-02 04:41:25
619,Sylvan Lake,CA,52.3168,-114.0853,51.35,46,40,10.36,scattered clouds,2022-05-02 04:39:30
620,Gat,IL,31.61,34.7642,64.4,71,61,3.65,broken clouds,2022-05-02 04:41:25
621,Naron,ES,43.5167,-8.1528,55.04,79,99,5.57,overcast clouds,2022-05-02 04:41:26
622,Nombre De Dios,MX,23.85,-104.2333,60.71,27,99,7.81,overcast clouds,2022-05-02 04:41:26
623,General Roca,AR,-39.0333,-67.5833,48.61,57,52,6.87,broken clouds,2022-05-02 04:41:26
624,Naze,JP,28.3667,129.4833,67.12,54,100,12.01,light rain,2022-05-02 04:41:27
625,Westport,US,41.1415,-73.3579,56.32,63,40,3.44,scattered clouds,2022-05-02 04:41:27
626,Ulaangom,MN,49.9811,92.0667,68.67,13,94,5.64,overcast clouds,2022-05-02 04:41:28
627,Balakhta,RU,55.38,91.6,66.31,39,97,11.05,overcast clouds,2022-05-02 04:41:28
628,Omboue,GA,-1.5746,9.2618,74.39,95,100,5.59,moderate rain,2022-05-02 04:41:29
629,Arcachon,FR,44.5875,-1.0519,54.41,100,86,3.44,overcast clouds,2022-05-02 04:41:29
630,Beyneu,KZ,45.3167,55.2,65.77,39,0,16.93,clear sky,2022-05-02 04:41:20
631,Visby,SE,57.6409,18.296,44.82,57,0,11.5,clear sky,2022-05-02 04:41:30
632,Morant Bay,JM,17.8815,-76.4093,78.42,87,92,9.42,light rain,2022-05-02 04:41:30
633,Kozhva,RU,65.1073,57.0459,28.92,60,76,7.4,broken clouds,2022-05-02 04:41:30
634,Abong Mbang,CM,3.9833,13.1833,65.91,99,86,1.99,overcast clouds,2022-05-02 04:41:31
635,Barmer,IN,25.75,71.3833,98.65,13,63,23.49,broken clouds,2022-05-02 04:41:31
636,Aberfeldy,GB,56.62,-3.8645,51.49,87,100,3.02,overcast clouds,2022-05-02 04:41:32
637,Mae Sai,TH,20.4335,99.8762,87.78,50,87,2.57,overcast clouds,2022-05-02 04:41:32
638,Kaihua,CN,23.3687,104.28,61.2,58,86,10.27,overcast clouds,2022-05-02 04:41:33
639,Tungor,RU,53.3808,142.9564,33.85,95,99,8.3,overcast clouds,2022-05-02 04:41:33
640,Qaqortoq,GL,60.7167,-46.0333,36.95,88,99,2.15,overcast clouds,2022-05-02 04:41:34
641,Porto Novo,BJ,6.4965,2.6036,79.02,88,74,5.88,broken clouds,2022-05-02 04:41:34
642,Tailai,CN,46.3833,123.4,60.26,23,93,16.64,overcast clouds,2022-05-02 04:41:34
643,Lewiston,US,44.1003,-70.2148,42.71,95,0,4.61,clear sky,2022-05-02 04:41:35
644,Yulara,AU,-25.2406,130.9889,71.44,40,100,6.91,overcast clouds,2022-05-02 04:41:35
645,Portland,US,45.5234,-122.6762,58.95,76,75,0.0,broken clouds,2022-05-02 04:40:15
646,Plum,US,40.5004,-79.7495,58.17,77,22,2.33,few clouds,2022-05-02 04:41:36
647,Kirakira,SB,-10.4544,161.9205,82.44,77,98,8.21,overcast clouds,2022-05-02 04:41:36
648,Hamburg,DE,53.55,10.0,45.95,89,0,2.3,clear sky,2022-05-02 04:40:46
649,Jinxiang,CN,27.4327,120.6062,64.98,66,100,6.42,overcast clouds,2022-05-02 04:41:37
650,Askarovo,RU,53.3372,58.5089,38.35,41,75,13.42,broken clouds,2022-05-02 04:41:37
651,Loiza,PR,18.4313,-65.8802,79.45,83,20,4.61,few clouds,2022-05-02 04:41:38
652,Chingirlau,KZ,51.095,54.0814,45.3,43,26,15.26,scattered clouds,2022-05-02 04:41:22
653,Merrill,US,45.1805,-89.6835,43.9,97,100,5.75,overcast clouds,2022-05-02 04:40:05
654,Iranshahr,IR,27.2025,60.6848,80.94,36,0,4.61,clear sky,2022-05-02 04:41:38
655,Meulaboh,ID,4.1363,96.1285,84.65,67,100,3.0,overcast clouds,2022-05-02 04:40:56
656,Suozhen,CN,36.9539,118.1047,78.01,19,16,9.53,few clouds,2022-05-02 04:41:39
657,Kenora,CA,49.8167,-94.4337,34.77,100,100,12.66,overcast clouds,2022-05-02 04:41:39
658,Sembe,CG,1.6481,14.5806,70.36,97,100,1.12,overcast clouds,2022-05-02 04:41:40
659,Pirai Do Sul,BR,-24.5261,-49.9486,59.56,95,64,0.51,broken clouds,2022-05-02 04:41:40
660,Zaoyang,CN,32.1272,112.7542,78.08,31,0,8.95,clear sky,2022-05-02 04:41:41
661,Camocim,BR,-2.9022,-40.8411,75.63,91,100,8.9,overcast clouds,2022-05-02 04:41:41
662,Shumyachi,RU,53.8583,32.4242,46.31,80,88,6.08,overcast clouds,2022-05-02 04:41:41
663,Moree,AU,-29.4667,149.85,80.62,32,75,8.05,broken clouds,2022-05-02 04:41:42
664,Sabang,ID,5.8933,95.3214,83.73,75,91,16.24,overcast clouds,2022-05-02 04:41:42
665,Clifton,US,40.8584,-74.1638,57.9,80,100,4.61,overcast clouds,2022-05-02 04:38:42
666,Kargil,IN,34.5667,76.1,51.85,32,0,0.27,clear sky,2022-05-02 04:41:43
667,Galle,LK,6.0367,80.217,84.36,79,99,13.51,overcast clouds,2022-05-02 04:41:43
668,Manzil Salim,TN,35.8567,8.4765,51.44,74,7,3.58,clear sky,2022-05-02 04:41:44
669,Petrivka,UA,46.9695,30.9591,54.23,59,31,5.28,scattered clouds,2022-05-02 04:41:44
670,Itapaci,BR,-14.9508,-49.5494,65.59,56,6,1.57,clear sky,2022-05-02 04:41:44
671,Basco,PH,20.4487,121.9702,78.75,82,100,23.62,overcast clouds,2022-05-02 04:41:45
672,Polunochnoye,RU,60.8697,60.4153,34.41,61,28,9.44,scattered clouds,2022-05-02 04:41:45
673,Nsunga,TZ,-1.1439,31.3947,60.3,98,100,1.79,moderate rain,2022-05-02 04:41:45
674,Plettenberg Bay,ZA,-34.0527,23.3716,58.33,74,10,4.54,clear sky,2022-05-02 04:41:46
675,Urusha,RU,54.05,122.9,40.3,79,100,6.53,overcast clouds,2022-05-02 04:41:46
676,Honningsvag,NO,70.9821,25.9704,29.95,69,100,14.97,overcast clouds,2022-05-02 04:41:47
677,Santa Luzia,BR,-19.7697,-43.8514,65.3,88,0,3.44,clear sky,2022-05-02 04:41:47
678,Fuxin,CN,42.0156,121.6589,63.3,17,2,5.03,clear sky,2022-05-02 04:41:47
679,Sibu,MY,2.3,111.8167,86.31,74,40,3.44,scattered clouds,2022-05-02 04:41:48
680,Hewitt,US,31.4624,-97.1958,77.09,83,0,17.27,clear sky,2022-05-02 04:41:48
681,Yelandur,IN,12.0667,77.0333,81.75,40,99,6.8,overcast clouds,2022-05-02 04:41:49
682,Ilhabela,BR,-23.7781,-45.3581,73.29,83,55,3.71,broken clouds,2022-05-02 04:41:49
683,Nuuk,GL,64.1835,-51.7216,29.01,86,75,6.91,broken clouds,2022-05-02 04:41:50
684,Santa Maria,BR,-29.6842,-53.8069,55.53,97,98,5.06,overcast clouds,2022-05-02 04:39:22
685,Gasa,PS,31.5,34.4667,65.1,79,57,3.74,broken clouds,2022-05-02 04:41:50
686,Tanggu,CN,39.0211,117.6469,73.36,36,0,8.21,clear sky,2022-05-02 04:41:51
687,Vigrestad,NO,58.5667,5.7,42.58,72,50,7.11,scattered clouds,2022-05-02 04:41:51
